source,target,closest distance
RICL,ASHL,0
RICL,ASHL,0
RICL,RICL,0
RICL,ADEL,0
RICL,AIYR,0
RICL,AWBR,0
RICL,CEPDL,0
RICL,PHAL,613.4304936469841
RICL,SIADR,0
RICL,SIADR,0
RICL,ASHR,0
RICL,ASHR,0
RICL,ADLL,0
RICL,ADLR,0
RICL,SIAVR,0
RICL,SIAVR,0
RICL,SIAVL,0
RICL,SIAVL,0
RICL,AWBL,0
RICL,AIYL,0
RICL,CEPVL,0
RICL,PHBR,613.4260011858084
RICL,SIADL,0
RICL,SIADL,0
RICL,PVQL,0
RICL,PHAR,613.4270998888697
RICL,ADER,0
RICL,ASIL,0
RICL,ASIL,0
RICL,PHBL,613.4304936469841
RICL,ASIR,0
RICL,ASIR,0
RICL,RICR,0
RICL,CEPVR,0
RICL,PVQR,0
RICL,CEPDR,0
RICR,ASHL,0
RICR,ASHL,0
RICR,RICL,0
RICR,ADEL,0
RICR,AIYR,0
RICR,AWBR,0
RICR,CEPDL,0
RICR,PHAL,613.4482678522996
RICR,SIADR,0
RICR,SIADR,0
RICR,ASHR,0
RICR,ASHR,0
RICR,ADLL,0
RICR,ADLR,0
RICR,SIAVR,0
RICR,SIAVR,0
RICR,SIAVL,0
RICR,SIAVL,0
RICR,AWBL,0
RICR,AIYL,0
RICR,CEPVL,0
RICR,PHBR,613.4539320492506
RICR,SIADL,0
RICR,SIADL,0
RICR,PVQL,0
RICR,PHAR,613.4524915899704
RICR,ADER,0
RICR,ASIL,0
RICR,ASIL,0
RICR,PHBL,613.4482678522996
RICR,ASIR,0
RICR,ASIR,0
RICR,RICR,0
RICR,CEPVR,0
RICR,PVQR,0
RICR,CEPDR,0
RIMR,ASKR,0
RIMR,ASHL,0
RIMR,OLLR,0
RIMR,AVM,0.30639882474667307
RIMR,PVCR,0
RIMR,RICL,0
RIMR,RIAR,0
RIMR,OLQVR,0
RIMR,ADLL,0
RIMR,CEPVL,0
RIMR,MCR,9.978457599629106
RIMR,SIAVL,0
RIMR,SMDDR,0
RIMR,ASGL,0
RIMR,AIZL,0
RIMR,RMDVL,0
RIMR,RMEV,0
RIMR,MCL,9.904138857992127
RIMR,RICR,0
RIMR,RMDVR,0
RIMR,AWCR,0
RIMR,CEPDR,0
RIMR,BAGR,0
RIMR,SABVL,4.436287574775477
RIMR,LUAL,613.1644661600496
RIMR,SMDDL,0
RIMR,CEPDL,0
RIMR,HSNR,0
RIMR,SDQL,0
RIMR,SDQL,0
RIMR,SDQL,0
RIMR,RMDDL,0
RIMR,LUAR,613.1644661600496
RIMR,AIML,0
RIMR,AWCL,0
RIMR,RMEL,0
RIMR,AIYL,0
RIMR,AIZR,0
RIMR,SABD,0
RIMR,ASER,0
RIMR,OLQDR,0
RIMR,NSML,3.5787573349467747
RIMR,NSML,3.5787573349467747
RIMR,AIMR,0
RIMR,SIADL,0
RIMR,ASIR,0
RIMR,CEPVR,0
RIMR,AFDL,0
RIMR,SABVR,2.022099307645983
RIMR,DVA,0
RIMR,RIAL,0
RIMR,OLQVL,0
RIMR,OLLL,0
RIMR,ADEL,0
RIMR,AVBR,0
RIMR,ALNR,0
RIMR,ALNR,0
RIMR,IL1VR,0
RIMR,AVHR,0
RIMR,AUAR,0
RIMR,AUAR,0
RIMR,IL1L,0
RIMR,IL1DL,0
RIMR,CANR,6.421558366064749
RIMR,CANR,6.421558366064749
RIMR,PVDR,15.408297868371154
RIMR,PVDR,15.408297868371154
RIMR,RID,0
RIMR,IL1R,0
RIMR,HSNL,0
RIMR,ADLR,0
RIMR,ALMR,0.009672928571792028
RIMR,ALMR,0.009672928571792028
RIMR,AVHL,0
RIMR,AFDR,0
RIMR,BAGL,0
RIMR,RMER,0
RIMR,ALML,0
RIMR,ALML,0
RIMR,ADER,0
RIMR,CANL,9.264551631493754
RIMR,CANL,9.264551631493754
RIMR,RMDR,0
RIMR,AIYR,0
RIMR,RMDDR,0
RIMR,ASHR,0
RIMR,ASIL,0
RIMR,SMDVR,0
RIMR,RMDL,0
RIMR,BDUR,0
RIMR,NSMR,1.6357697875323602
RIMR,NSMR,1.6357697875323602
RIMR,DA09,515.1087492641637
RIMR,SIADR,0
RIMR,SDQR,0
RIMR,SDQR,0
RIMR,SDQR,0
RIMR,BDUL,0
RIMR,ASKL,0
RIMR,ALNL,0
RIMR,ALNL,0
RIMR,SIAVR,0
RIMR,AUAL,0
RIMR,AUAL,0
RIMR,PVDL,27.35193065401784
RIMR,PVDL,27.35193065401784
RIMR,OLQDL,0
RIMR,RMED,0
RIMR,ASGR,0
RIMR,AVBL,0
RIMR,SMDVL,0
RIMR,ASEL,0
RIMR,PVT,0
RIMR,PVT,0
RIMR,IL1VL,0
RIMR,IL1DR,0
RIMR,PDA,515.1087492641637
RIMR,PVCL,0
ADFL,DVA,0
ADFL,ASHL,0
ADFL,RICL,0
ADFL,RICL,0
ADFL,AIAL,0
ADFL,DD04,246.84545225622003
ADFL,RMEV,0
ADFL,AWBL,0
ADFL,URYDL,0
ADFL,MCL,1.9670353977318515
ADFL,RIAR,0
ADFL,VD09,403.32807082492747
ADFL,DVC,0
ADFL,DVC,0
ADFL,DD01,25.587213387627102
ADFL,DD02,77.5383249201729
ADFL,VD12,552.6904007082375
ADFL,MCR,4.158241562175291
ADFL,URYVR,0.9040314892844287
ADFL,RMDDL,0
ADFL,M3L,2.261476623232472
ADFL,RIBL,0
ADFL,VD07,253.57219009720365
ADFL,AIZL,0
ADFL,M1,2.5339512187172133
ADFL,I3,2.6084368414934405
ADFL,URYVL,0.31679862275837756
ADFL,M2L,1.0207409089351223
ADFL,AIBL,0
ADFL,AIBL,0
ADFL,RMHR,0
ADFL,URYDR,0
ADFL,I6,5.681810476092105
ADFL,AWBR,0
ADFL,PVT,0
ADFL,PVT,0
ADFL,RMEL,0
ADFL,RICR,0
ADFL,RICR,0
ADFL,VD04,97.32887713988073
ADFL,RMDVR,0
ADFL,RIMR,0
ADFL,RIMR,0
ADFL,M5,9.315598300326412
ADFL,PVQL,0
ADFL,RMDL,0
ADFL,RID,0
ADFL,RMDDR,0
ADFL,VD08,303.8663319415727
ADFL,RIML,0
ADFL,RIML,0
ADFL,VD11,506.73965984705103
ADFL,ASHR,0
ADFL,AIYR,0
ADFL,M4,1.2992068246258115
ADFL,AVFR,0
ADFL,VD10,461.5931617677696
ADFL,RIAL,0
ADFL,RMFL,0
ADFL,DD05,422.52667919227133
ADFL,I2R,4.84824055012997
ADFL,VD01,10.796825565729206
ADFL,RMHL,0
ADFL,VD03,50.37254712457803
ADFL,AIZR,0
ADFL,RIS,0
ADFL,NSMR,3.274130964286443
ADFL,RMDVL,0
ADFL,I4,3.6678668754572197
ADFL,VD05,156.48061037277108
ADFL,M3R,9.300931365049903
ADFL,AVJR,0
ADFL,AIYL,0
ADFL,PVQR,0
ADFL,AIAR,0
ADFL,AVFL,0
ADFL,DD03,151.33031991870618
ADFL,NSML,2.561036770069337
ADFL,RIBR,0
ADFL,I2L,1.7610739389466519
ADFL,RMDR,0
ADFL,AVJL,0
ADFL,DD06,527.5168466472205
ADFL,VD02,26.002369143621973
ADFL,RMER,0
ADFL,VD06,204.62581677207925
ADFL,VD13,609.6884123839238
ADFL,RMFR,0
ADFL,RMED,0
ADFL,M2R,8.459866918908322
ADFL,AIBR,0
ADFL,AIBR,0
NSML,DVA,3.6697376431547974
NSML,RIAL,3.636309477190843
NSML,RICL,3.571066747190843
NSML,RICL,3.571066747190843
NSML,DD04,242.7292659869864
NSML,I6,2.0009273313592915
NSML,M2L,0
NSML,URYDL,2.5915369875083103
NSML,RIAR,3.571066747190843
NSML,VD09,397.11845850978904
NSML,DVC,3.6697376431547974
NSML,DVC,3.6697376431547974
NSML,M4,0
NSML,DD01,23.185289074662254
NSML,DD02,79.87837577440482
NSML,AWBL,1.9202379420913092
NSML,VD12,547.2630081746518
NSML,RIS,3.571066747190843
NSML,MCR,0
NSML,URYVR,4.310219263492201
NSML,I2R,1.3648304038844379
NSML,M3L,0.8211789823264644
NSML,DD06,521.9703935943375
NSML,VD07,249.22920464444442
NSML,AIZL,1.4241339022471933
NSML,M1,2.5759632966606354
NSML,VD06,201.74180863254935
NSML,RMER,3.453659102401537
NSML,AIBL,3.958667384642549
NSML,AIBL,3.958667384642549
NSML,RMHR,3.667022126449625
NSML,URYDR,2.7665163004769475
NSML,RMEV,3.571066747190843
NSML,AWBR,3.667022126449625
NSML,PVT,3.571066747190843
NSML,PVT,3.571066747190843
NSML,I4,0
NSML,AIYR,3.667022126449625
NSML,VD04,99.14706134933343
NSML,RMDVR,3.6088868381912067
NSML,RIMR,3.5787573349467747
NSML,RIMR,3.5787573349467747
NSML,M5,3.520540474279272
NSML,VD05,154.17680276088498
NSML,PVQL,4.344459975999965
NSML,RMDL,3.636309477190843
NSML,RID,4.409702705999965
NSML,RMDDR,3.5826586938776
NSML,URYVL,1.2291861923375416
NSML,RIML,1.355946115212037
NSML,RIML,1.355946115212037
NSML,VD11,501.982847144561
NSML,ASHR,3.667022126449625
NSML,RICR,3.6632776166635708
NSML,RICR,3.6632776166635708
NSML,AIAL,4.344459975999965
NSML,AVFR,3.748404106822403
NSML,VD10,456.6605554062329
NSML,DD05,416.90941312738596
NSML,NSMR,0
NSML,RMDDL,3.636309477190843
NSML,VD01,12.393464159373998
NSML,RMFR,3.571066747190843
NSML,RMFL,3.4448680354744114
NSML,VD03,53.184762350319374
NSML,DD03,149.0296186586434
NSML,AIZR,3.6557417241305745
NSML,RMHL,2.8078431899094856
NSML,RMDVL,3.636309477190843
NSML,MCL,0
NSML,ASHL,2.0716399294671026
NSML,M3R,1.1953716559289371
NSML,RIBL,4.129434781833513
NSML,AIYL,4.344459975999965
NSML,PVQR,3.571066747190843
NSML,AIAR,3.667022126449625
NSML,AVFL,3.636309477190843
NSML,RMED,3.571066747190843
NSML,NSML,0
NSML,RIBR,2.517380832277468
NSML,VD08,298.26894035953364
NSML,RMDR,3.571066747190843
NSML,AVJL,4.016606147027716
NSML,I3,4.451610913588489
NSML,VD02,30.02271148959769
NSML,I2L,0.30444246311663004
NSML,RMEL,3.571066747190843
NSML,VD13,604.3083002527967
NSML,M2R,1.1962192555284943
NSML,AIBR,3.406294774618183
NSML,AIBR,3.406294774618183
NSML,AVJR,1.9173783133927982
AIMR,DVA,0
AIMR,RIAL,0
AIMR,RICL,0
AIMR,RICL,0
AIMR,AIYL,0
AIMR,DD04,234.77008278876187
AIMR,I6,7.330607030382585
AIMR,M2L,8.405878963768988
AIMR,URYDL,0
AIMR,RIAR,0
AIMR,VD09,389.4765665247347
AIMR,DVC,0
AIMR,DVC,0
AIMR,M4,3.4444807119727954
AIMR,DD01,20.176300919595185
AIMR,DD02,67.89764918438455
AIMR,VD12,540.5955957754668
AIMR,RIS,0
AIMR,MCR,11.723456277668314
AIMR,URYVR,0.48625319539604817
AIMR,I2R,11.101675914031057
AIMR,AIAL,0
AIMR,DD06,515.4547852287616
AIMR,VD07,241.50480383469915
AIMR,AIZL,0
AIMR,M1,3.9070642161841453
AIMR,VD06,192.6264081868496
AIMR,RMER,0
AIMR,AIBL,0
AIMR,AIBL,0
AIMR,RMHR,0
AIMR,URYDR,0
AIMR,RMEV,0
AIMR,RMDR,0
AIMR,PVT,0
AIMR,PVT,0
AIMR,AWBR,0
AIMR,I4,8.618503163410107
AIMR,AIYR,0
AIMR,VD04,87.464699753135
AIMR,RMDVR,0
AIMR,RIMR,0
AIMR,RIMR,0
AIMR,M5,8.451158748081209
AIMR,PVQL,0
AIMR,RMDL,0
AIMR,RID,0.6372982677041108
AIMR,RMDDR,0
AIMR,URYVL,2.1522010056037804
AIMR,RIML,0
AIMR,RIML,0
AIMR,VD11,494.52425760546004
AIMR,ASHR,0
AIMR,RICR,0
AIMR,RICR,0
AIMR,M3L,9.300931365049905
AIMR,AVFR,0
AIMR,VD10,449.414663935374
AIMR,DD05,410.3755558729176
AIMR,NSMR,4.66506578381911
AIMR,RMDDL,0
AIMR,VD01,9.874099862447654
AIMR,RMFR,0
AIMR,RMFL,0
AIMR,VD03,41.50388094863867
AIMR,DD03,139.55111382335983
AIMR,AIZR,0
AIMR,RMHL,0
AIMR,RMDVL,0
AIMR,MCL,9.951613049984903
AIMR,VD05,144.6844893278957
AIMR,M3R,8.17549474453434
AIMR,RIBL,0
AIMR,ASHL,0
AIMR,PVQR,0
AIMR,AIAR,0
AIMR,AVFL,0
AIMR,RMED,0
AIMR,NSML,3.667022126449625
AIMR,RIBR,0
AIMR,VD08,289.88509719865647
AIMR,AWBL,0
AIMR,AVJL,0
AIMR,I3,14.284657057979128
AIMR,VD02,19.696844711531032
AIMR,I2L,10.62072123566833
AIMR,RMEL,0
AIMR,VD13,597.5694638333197
AIMR,M2R,7.125404809256875
AIMR,AIBR,0
AIMR,AIBR,0
AIMR,AVJR,0
PDER,AS07,0
PDER,AS07,0
PDER,ASKR,20.796968907190706
PDER,OLLR,31.40261199574484
PDER,AVM,0
PDER,VB11,0
PDER,VB11,0
PDER,PDER,0
PDER,RICL,20.869585209373295
PDER,RIAR,30.351256034560663
PDER,DB04,0
PDER,DB04,0
PDER,PLNL,6.981116067518427
PDER,DD01,0
PDER,DD02,0
PDER,PQR,1.9133812409561062
PDER,VD12,0
PDER,PLML,3.1059561729103438
PDER,SIAVL,7.231076530968664
PDER,SIAVL,7.231076530968664
PDER,ASGL,20.701632243240066
PDER,VA09,0
PDER,VA09,0
PDER,VA01,0
PDER,VA01,0
PDER,VB03,0
PDER,VB03,0
PDER,PHCR,1.9205828976028017
PDER,VB10,0
PDER,VB10,0
PDER,DA06,0
PDER,DA06,0
PDER,SIBVR,7.45726679232327
PDER,RICR,20.937490007550196
PDER,DA03,0
PDER,DA03,0
PDER,RIMR,20.80771115817248
PDER,CEPDR,38.843901530055895
PDER,DA02,0
PDER,DA02,0
PDER,DA09,0
PDER,DA09,0
PDER,SIBVL,8.64128991300253
PDER,DA07,0
PDER,DA07,0
PDER,AVL,0
PDER,VD11,0
PDER,VA07,0
PDER,VA07,0
PDER,CANL,22.707121492890366
PDER,AS04,0
PDER,AS04,0
PDER,CEPDL,38.59660970457162
PDER,VD04,0
PDER,SIBDR,20.817649553002976
PDER,PVDL,0
PDER,PVDL,0
PDER,VD01,1.1704623980886764
PDER,VB02,0
PDER,VB02,0
PDER,VD03,0
PDER,ASEL,20.701632243240066
PDER,RIS,14.455719043592872
PDER,I1L,52.17334607603857
PDER,VD05,0
PDER,RIBL,22.051137833489975
PDER,AS06,1.8831495270357546
PDER,AS06,1.8831495270357546
PDER,AS09,13.257707885826632
PDER,AS09,13.257707885826632
PDER,VB04,0
PDER,VB04,0
PDER,DB07,0
PDER,DB07,0
PDER,PVQL,1.1999999
PDER,VB07,0
PDER,VB07,0
PDER,SIADL,21.523602913826615
PDER,SIADL,21.523602913826615
PDER,VD02,0
PDER,VA08,0
PDER,VA08,0
PDER,NSML,25.416811640391256
PDER,VA10,0
PDER,VA10,0
PDER,CEPVR,32.66021589119555
PDER,DA01,0
PDER,DA01,0
PDER,ASGR,20.796968907190706
PDER,PHCL,1.9133812409561062
PDER,RIML,20.711515610224215
PDER,AUAR,20.857342292715053
PDER,OLLL,31.4047846625253
PDER,ADEL,0
PDER,AS08,0.9952972711253444
PDER,AS08,0.9952972711253444
PDER,ALML,29.434663817546507
PDER,DD04,0
PDER,ALNR,18.409976115234237
PDER,AS05,0
PDER,AS05,0
PDER,VA05,0
PDER,VA05,0
PDER,AS03,6.89542752112712
PDER,AS03,6.89542752112712
PDER,VD09,0
PDER,VB09,0
PDER,VB09,0
PDER,RIBR,22.285620603699726
PDER,VA11,0
PDER,VA11,0
PDER,DB05,0
PDER,DB05,0
PDER,AS01,10.100882215388767
PDER,AS01,10.100882215388767
PDER,PVDR,0
PDER,PVDR,0
PDER,RID,20.467565734677642
PDER,DB02,0
PDER,DB02,0
PDER,VD07,0
PDER,CANR,7.568698569893419
PDER,VB05,0
PDER,VB05,0
PDER,VD06,0
PDER,CEPVL,32.499078318041114
PDER,VA04,0
PDER,VA04,0
PDER,PDEL,0
PDER,PLNR,8.131392612348257
PDER,ADER,0.5514720200000003
PDER,VD08,0
PDER,VB01,0
PDER,VB01,0
PDER,VA06,0
PDER,VA06,0
PDER,DA05,0
PDER,DA05,0
PDER,AS10,0.5215132894602137
PDER,AS10,0.5215132894602137
PDER,AS11,0
PDER,AS11,0
PDER,RIAL,30.294975860084364
PDER,VA12,0.40258706858058735
PDER,VA12,0.40258706858058735
PDER,DB03,0
PDER,DB03,0
PDER,SIBDL,20.741290101632718
PDER,VD10,9.327830415351373
PDER,DD05,0
PDER,NSMR,25.636557777895568
PDER,I2R,50.249991733582405
PDER,SIADR,22.63647640510569
PDER,SIADR,22.63647640510569
PDER,DB01,0
PDER,DB01,0
PDER,ALMR,28.7450778479356
PDER,VD13,0
PDER,ASKL,20.701632243240066
PDER,ALNL,18.51320652937757
PDER,SIAVR,8.448927914281773
PDER,SIAVR,8.448927914281773
PDER,AUAL,20.76620936941012
PDER,VB06,0
PDER,VB06,0
PDER,PVQR,0
PDER,DD03,0
PDER,DB06,0
PDER,DB06,0
PDER,PLMR,2.2590480682656464
PDER,I1R,52.30523284872406
PDER,VB08,0
PDER,VB08,0
PDER,AS02,1.1155569278166735
PDER,AS02,1.1155569278166735
PDER,DD06,0
PDER,VA02,0
PDER,VA02,0
PDER,I2L,50.26095661609247
PDER,VA03,0
PDER,VA03,0
PDER,ASER,20.796968907190706
PDER,DA08,0
PDER,DA08,0
PDER,DA04,0
PDER,DA04,0
PDER,PDA,11.45479313151994
HSNL,RIML,0
HSNL,RIML,0
HSNL,ASHL,0
HSNL,RICL,0
HSNL,RICL,0
HSNL,AIAL,0
HSNL,DD04,1.3607694625521933
HSNL,I6,6.402993532965558
HSNL,RMER,0
HSNL,URYDL,0
HSNL,AVFL,0
HSNL,RIAR,0
HSNL,RIBL,0
HSNL,DVA,0
HSNL,DVC,0
HSNL,DVC,0
HSNL,URYDR,0
HSNL,DD01,0
HSNL,DD02,1.1999999
HSNL,VD12,223.43839267276456
HSNL,RMHL,0
HSNL,URYVR,0.32732938928919475
HSNL,M3L,8.145512319174966
HSNL,DD06,198.89494288214297
HSNL,VD07,1.3607694625521933
HSNL,M1,3.165314412198078
HSNL,I3,14.284000037185738
HSNL,URYVL,0.34071293275837766
HSNL,RMDDR,0
HSNL,M2L,7.043690486226058
HSNL,AIBL,0
HSNL,AIBL,0
HSNL,RMHR,0
HSNL,MCR,9.913214869629106
HSNL,RMEV,0
HSNL,AWBR,0
HSNL,I2L,10.76749358566833
HSNL,MCL,9.948081828734201
HSNL,RICR,0
HSNL,RICR,0
HSNL,VD04,1.3282200999999998
HSNL,RMDVR,0
HSNL,RIMR,0
HSNL,RIMR,0
HSNL,M5,15.15242587120292
HSNL,M4,3.1461840150903035
HSNL,RMDL,0
HSNL,RID,0
HSNL,RIAL,0
HSNL,VD08,18.091512922958405
HSNL,VD11,177.2922238721232
HSNL,ASHR,0
HSNL,AIYR,0
HSNL,AWBL,0
HSNL,AVFR,0
HSNL,VD10,132.24723103328253
HSNL,RMFL,0
HSNL,NSMR,3.274130964286443
HSNL,RMDDL,0
HSNL,VD01,1.5213986828104455
HSNL,RMFR,0
HSNL,VD09,76.27785085352183
HSNL,VD03,1.2337969633829586
HSNL,DD03,1.35147182
HSNL,AIZR,0
HSNL,RIS,0
HSNL,RMDVL,0
HSNL,I4,8.558376006924837
HSNL,VD05,1.1999999
HSNL,M3R,8.163549016467883
HSNL,AVJR,0
HSNL,AIYL,0
HSNL,PVQR,0
HSNL,AIAR,0
HSNL,I2R,10.654265069572144
HSNL,AIZL,0
HSNL,NSML,3.636309477190843
HSNL,RIBR,0
HSNL,RMDR,0
HSNL,AVJL,0
HSNL,RMED,0
HSNL,VD02,1.3282200999999998
HSNL,PVT,0
HSNL,PVT,0
HSNL,RMEL,0
HSNL,VD06,0.7910423644146956
HSNL,VD13,280.06443420546407
HSNL,M2R,7.248508872307058
HSNL,AIBR,0
HSNL,AIBR,0
HSNL,DD05,93.70301828896142
HSNL,PVQL,0
PDEL,AS07,0.5507585332329457
PDEL,AS07,0.5507585332329457
PDEL,ASKR,20.796968907190706
PDEL,OLLR,31.40261199574484
PDEL,AVM,0
PDEL,VB11,0
PDEL,VB11,0
PDEL,PDER,0
PDEL,RICL,20.869585209373295
PDEL,RIAR,30.351256034560663
PDEL,DB04,0
PDEL,DB04,0
PDEL,PLNL,6.981116067518427
PDEL,DD01,0
PDEL,DD02,0
PDEL,PQR,1.9133812409561062
PDEL,VD12,0
PDEL,PLML,7.412934945302781
PDEL,SIAVL,7.231076530968664
PDEL,SIAVL,7.231076530968664
PDEL,ASGL,20.701632243240066
PDEL,VA09,0
PDEL,VA09,0
PDEL,VA01,0
PDEL,VA01,0
PDEL,VB03,0
PDEL,VB03,0
PDEL,PHCR,1.9205828976028017
PDEL,VB10,0
PDEL,VB10,0
PDEL,DA06,0
PDEL,DA06,0
PDEL,SIBVR,7.45726679232327
PDEL,RICR,20.937490007550196
PDEL,DA03,0
PDEL,DA03,0
PDEL,RIMR,20.80771115817248
PDEL,CEPDR,38.843901530055895
PDEL,DA02,0
PDEL,DA02,0
PDEL,DA09,0
PDEL,DA09,0
PDEL,SIBVL,8.64128991300253
PDEL,DA07,0
PDEL,DA07,0
PDEL,AVL,0
PDEL,VD11,0
PDEL,VA07,0
PDEL,VA07,0
PDEL,CANL,4.575835359178647
PDEL,AS04,0
PDEL,AS04,0
PDEL,CEPDL,38.59660970457162
PDEL,VD04,0
PDEL,SIBDR,20.817649553002976
PDEL,PVDL,0
PDEL,PVDL,0
PDEL,VD01,1.1704623980886764
PDEL,VB02,0
PDEL,VB02,0
PDEL,VD03,0
PDEL,ASEL,20.701632243240066
PDEL,RIS,14.455719043592872
PDEL,I1L,52.17334607603857
PDEL,VD05,0
PDEL,RIBL,22.051137833489975
PDEL,AS06,1.8831495270357546
PDEL,AS06,1.8831495270357546
PDEL,AS09,13.257707885826632
PDEL,AS09,13.257707885826632
PDEL,VB04,0
PDEL,VB04,0
PDEL,DB07,0
PDEL,DB07,0
PDEL,PVQL,1.35147182
PDEL,DB02,0
PDEL,DB02,0
PDEL,SIADL,21.523602913826615
PDEL,SIADL,21.523602913826615
PDEL,VD02,0
PDEL,VA08,0
PDEL,VA08,0
PDEL,NSML,25.416811640391256
PDEL,VA10,0
PDEL,VA10,0
PDEL,CEPVR,32.66021589119555
PDEL,DA01,0
PDEL,DA01,0
PDEL,ASGR,20.796968907190706
PDEL,PHCL,1.9133812409561062
PDEL,RIML,20.711515610224215
PDEL,AUAR,20.857342292715053
PDEL,OLLL,31.4047846625253
PDEL,ADEL,0
PDEL,AS08,0.9952972711253444
PDEL,AS08,0.9952972711253444
PDEL,DD04,0
PDEL,ALNR,18.409976115234237
PDEL,AS05,0
PDEL,AS05,0
PDEL,VA05,0
PDEL,VA05,0
PDEL,AS03,6.89542752112712
PDEL,AS03,6.89542752112712
PDEL,VD09,0
PDEL,VB09,0
PDEL,VB09,0
PDEL,RIBR,22.285620603699726
PDEL,VA11,0
PDEL,VA11,0
PDEL,PLNR,8.131392612348257
PDEL,DB05,0
PDEL,DB05,0
PDEL,AS01,10.100882215388767
PDEL,AS01,10.100882215388767
PDEL,PVDR,0
PDEL,PVDR,0
PDEL,RID,20.467565734677642
PDEL,VB07,0
PDEL,VB07,0
PDEL,VD07,0
PDEL,CANR,17.055512736714316
PDEL,VB05,0
PDEL,VB05,0
PDEL,VD06,0
PDEL,CEPVL,32.499078318041114
PDEL,VA04,0
PDEL,VA04,0
PDEL,PDEL,0
PDEL,ALML,29.434663817546507
PDEL,ADER,0.5514720200000003
PDEL,VD08,0
PDEL,VB01,0
PDEL,VB01,0
PDEL,VA06,0
PDEL,VA06,0
PDEL,DA05,0
PDEL,DA05,0
PDEL,AS10,0.5215132894602137
PDEL,AS10,0.5215132894602137
PDEL,AS11,0
PDEL,AS11,0
PDEL,RIAL,30.294975860084364
PDEL,VA12,0.40258706858058735
PDEL,VA12,0.40258706858058735
PDEL,DB03,0
PDEL,DB03,0
PDEL,SIBDL,20.741290101632718
PDEL,VD10,9.327830415351373
PDEL,DD05,0
PDEL,NSMR,25.636557777895568
PDEL,I2R,50.249991733582405
PDEL,SIADR,22.63647640510569
PDEL,SIADR,22.63647640510569
PDEL,DB01,0
PDEL,DB01,0
PDEL,ALMR,28.7450778479356
PDEL,VD13,0
PDEL,ASKL,20.701632243240066
PDEL,ALNL,18.51320652937757
PDEL,SIAVR,8.448927914281773
PDEL,SIAVR,8.448927914281773
PDEL,AUAL,20.76620936941012
PDEL,VB06,0
PDEL,VB06,0
PDEL,PVQR,0
PDEL,DD03,0
PDEL,DB06,0
PDEL,DB06,0
PDEL,PLMR,7.026150936835878
PDEL,I1R,52.30523284872406
PDEL,VB08,0
PDEL,VB08,0
PDEL,AS02,1.1155569278166735
PDEL,AS02,1.1155569278166735
PDEL,DD06,0
PDEL,VA02,0
PDEL,VA02,0
PDEL,I2L,50.26095661609247
PDEL,VA03,0
PDEL,VA03,0
PDEL,ASER,20.796968907190706
PDEL,DA08,0
PDEL,DA08,0
PDEL,DA04,0
PDEL,DA04,0
PDEL,PDA,11.45479313151994
ADER,ASKR,0
ADER,AS07,220.58586555674177
ADER,AS07,220.58586555674177
ADER,RICL,0
ADER,AVM,0.5514720200000003
ADER,VB11,468.5177124722833
ADER,VB11,468.5177124722833
ADER,PDER,0.5514720200000003
ADER,OLLR,0
ADER,RIAR,0.6221639122826509
ADER,DB04,149.8023160977847
ADER,DB04,149.8023160977847
ADER,PLNL,3.374311111697696
ADER,DD01,1.0887765465240642
ADER,DD02,50.43126179345507
ADER,PQR,601.4862742988169
ADER,VD12,527.8023719837786
ADER,PLML,291.5799898437327
ADER,SIAVL,4.724830814715429
ADER,SIAVL,4.724830814715429
ADER,ASGL,0
ADER,VA09,271.9207291852577
ADER,VA09,271.9207291852577
ADER,CANR,0.46771421616489905
ADER,VA01,0.5514720200000003
ADER,VA01,0.5514720200000003
ADER,VB03,9.679777162557608
ADER,VB03,9.679777162557608
ADER,PHCR,601.4899684515518
ADER,ALNR,0.668281940764212
ADER,DA06,91.67720099455417
ADER,DA06,91.67720099455417
ADER,SIBVR,0.6928230340586423
ADER,RICR,0
ADER,VD04,70.25162218332353
ADER,RIMR,0
ADER,PVQL,1.0113964269935036
ADER,DA09,495.1082396159815
ADER,DA09,495.1082396159815
ADER,SIBVL,0.6221639122826509
ADER,DA07,164.0769091929379
ADER,DA07,164.0769091929379
ADER,AVL,0.5514720200000003
ADER,VD11,481.5865035602392
ADER,VA07,151.53067121625503
ADER,VA07,151.53067121625503
ADER,CANL,21.195434269729134
ADER,AS04,55.69242818593599
ADER,AS04,55.69242818593599
ADER,CEPDL,10.037391347168956
ADER,DA03,13.964159479754125
ADER,DA03,13.964159479754125
ADER,SIBDR,0
ADER,PVDL,27.051360914757282
ADER,PVDL,27.051360914757282
ADER,VD01,1.0064174459266795
ADER,VB02,0.505966420193072
ADER,VB02,0.505966420193072
ADER,VD03,23.269142629578617
ADER,ASEL,0
ADER,RIS,0.6221639122826509
ADER,I1L,12.65360123726092
ADER,VD05,129.93392824932388
ADER,VD09,378.78440344236174
ADER,AS06,158.81161131441374
ADER,AS06,158.81161131441374
ADER,VB04,42.04034624490299
ADER,VB04,42.04034624490299
ADER,ASER,0
ADER,DB07,501.6416361657971
ADER,DB07,501.6416361657971
ADER,NSML,3.3299967051921437
ADER,DB02,1.0703307555537087
ADER,DB02,1.0703307555537087
ADER,SIADL,1.159914370508465
ADER,SIADL,1.159914370508465
ADER,VD02,0.5537976430102716
ADER,VA08,211.20082168462034
ADER,VA08,211.20082168462034
ADER,VA10,344.42939174806776
ADER,VA10,344.42939174806776
ADER,CEPVR,3.0263447102885643
ADER,DA01,1.3250049596113853
ADER,DA01,1.3250049596113853
ADER,PLMR,289.76064493593304
ADER,PHCL,601.4862742988169
ADER,RIML,0
ADER,CEPDR,0.11292136646895057
ADER,OLLL,6.726063528150334
ADER,ADEL,0
ADER,AS08,244.41203412271472
ADER,AS08,244.41203412271472
ADER,DD04,221.28160680871486
ADER,VB10,416.11060737278177
ADER,VB10,416.11060737278177
ADER,AS05,112.18756691774102
ADER,AS05,112.18756691774102
ADER,VA05,33.38401932522849
ADER,VA05,33.38401932522849
ADER,AS03,34.167785259456764
ADER,AS03,34.167785259456764
ADER,AUAR,0
ADER,VB09,360.27987450723043
ADER,VB09,360.27987450723043
ADER,RIBR,0.6928230340586423
ADER,VA11,495.2378576055795
ADER,VA11,495.2378576055795
ADER,PLNR,3.1846209375018786
ADER,DB05,247.8662054968949
ADER,DB05,247.8662054968949
ADER,AS01,10.230548967142516
ADER,AS01,10.230548967142516
ADER,PVDR,0.18165437848477095
ADER,PVDR,0.18165437848477095
ADER,RID,2.944507358920452
ADER,VB07,237.84065918647008
ADER,VB07,237.84065918647008
ADER,RIBL,5.364784359133711
ADER,CEPVL,8.866354559088288
ADER,VD07,228.2064353479416
ADER,AS09,357.48849176258915
ADER,AS09,357.48849176258915
ADER,VD06,178.229755044042
ADER,VB05,90.60654274602663
ADER,VB05,90.60654274602663
ADER,VA04,0.5514720200000003
ADER,VA04,0.5514720200000003
ADER,PDEL,0.5514720200000003
ADER,ALML,9.785118703880693
ADER,ADER,0
ADER,VD08,279.2230723609687
ADER,VB01,1.0306372921885631
ADER,VB01,1.0306372921885631
ADER,VA06,82.19530026302728
ADER,VA06,82.19530026302728
ADER,DA05,42.485009336122246
ADER,DA05,42.485009336122246
ADER,AS10,420.3280632109007
ADER,AS10,420.3280632109007
ADER,AS11,475.76983776739826
ADER,AS11,475.76983776739826
ADER,RIAL,0.6874066422826509
ADER,VA12,502.0422698062726
ADER,VA12,502.0422698062726
ADER,DB03,51.24817785343465
ADER,DB03,51.24817785343465
ADER,SIBDL,0
ADER,VD10,436.51054883619594
ADER,DD05,397.4908445560415
ADER,NSMR,1.130579345333335
ADER,DA04,17.958227579285445
ADER,DA04,17.958227579285445
ADER,SIADR,0.6221639122826509
ADER,SIADR,0.6221639122826509
ADER,DB01,0.5514720200000003
ADER,DB01,0.5514720200000003
ADER,ALMR,0
ADER,VD13,584.7618940205022
ADER,ASKL,0
ADER,ALNL,10.834468084742126
ADER,SIAVR,3.4134676230028456
ADER,SIAVR,3.4134676230028456
ADER,AUAL,0
ADER,VB06,166.97564797816284
ADER,VB06,166.97564797816284
ADER,PVQR,0.5514720200000003
ADER,I2R,10.53338232651914
ADER,DD03,124.7967836632769
ADER,DB06,412.5273243937677
ADER,DB06,412.5273243937677
ADER,ASGR,0
ADER,I1R,8.163995565878844
ADER,VB08,298.1941944686581
ADER,VB08,298.1941944686581
ADER,AS02,20.942412635412808
ADER,AS02,20.942412635412808
ADER,DD06,502.69557231200946
ADER,VA02,0.5514720200000003
ADER,VA02,0.5514720200000003
ADER,I2L,6.900028884882439
ADER,VA03,0.5514720200000003
ADER,VA03,0.5514720200000003
ADER,DA08,495.11062297849867
ADER,DA08,495.11062297849867
ADER,DA02,0.5537976430102716
ADER,DA02,0.5537976430102716
ADER,PDA,495.1082396159815
NSMR,DVA,3.3584143605679917
NSMR,RIAL,3.274130964286443
NSMR,RICL,3.274130964286443
NSMR,RICL,3.274130964286443
NSMR,DD04,242.84813222110031
NSMR,I6,0
NSMR,M2L,1.0468388539461877
NSMR,URYDL,0
NSMR,RIAR,3.378893420758195
NSMR,VD09,397.22060411695173
NSMR,DVC,3.3584143605679917
NSMR,DVC,3.3584143605679917
NSMR,M4,0
NSMR,DD01,23.68942808042558
NSMR,DD02,80.00117959495056
NSMR,AWBL,3.274130964286443
NSMR,VD12,547.357922228917
NSMR,RIS,3.274130964286443
NSMR,MCR,0
NSMR,URYVR,1.5460158479893273
NSMR,I2R,0
NSMR,M3L,0.9382918053658418
NSMR,DD06,522.0662349991577
NSMR,VD07,249.3469525247749
NSMR,AIZL,3.274130964286443
NSMR,M1,3.5954057936260084
NSMR,VD06,201.86938909111547
NSMR,RMER,3.2873636827332526
NSMR,AIBL,3.000322845437445
NSMR,AIBL,3.000322845437445
NSMR,RMHR,2.397478749113948
NSMR,URYDR,2.8899470142530057
NSMR,RMEV,3.274130964286443
NSMR,AWBR,2.529354731494132
NSMR,PVT,3.339373694286443
NSMR,PVT,3.339373694286443
NSMR,I4,0
NSMR,AIYR,4.66506578381911
NSMR,VD04,99.32771009584364
NSMR,RMDVR,3.339373694286443
NSMR,RIMR,1.6357697875323598
NSMR,RIMR,1.6357697875323598
NSMR,M5,3.4884956522504154
NSMR,VD05,154.32026093065804
NSMR,PVQL,3.274130964286443
NSMR,RMDL,3.274130964286443
NSMR,RID,3.339373694286443
NSMR,RMDDR,3.368551286762336
NSMR,URYVL,4.112050890514098
NSMR,RIML,3.274130964286443
NSMR,RIML,3.274130964286443
NSMR,VD11,502.0661465765468
NSMR,ASHR,2.6736845265801796
NSMR,RICR,3.181554955895662
NSMR,RICR,3.181554955895662
NSMR,AIAL,3.274130964286443
NSMR,AVFR,3.1788112520501923
NSMR,VD10,456.7446024071844
NSMR,DD05,417.0103077974973
NSMR,NSMR,0
NSMR,RMDDL,3.274130964286443
NSMR,VD01,12.083610549410524
NSMR,RMFR,3.134986824682717
NSMR,RMFL,3.274130964286443
NSMR,VD03,53.33073556091149
NSMR,DD03,149.17539800985094
NSMR,AIZR,1.9948094412385076
NSMR,RMHL,3.274130964286443
NSMR,RMDVL,3.310277409393489
NSMR,MCL,0
NSMR,ASHL,3.274130964286443
NSMR,M3R,1.0818014536127099
NSMR,RIBL,2.155791306141503
NSMR,AIYL,3.274130964286443
NSMR,PVQR,4.590346313737321
NSMR,AIAR,4.66506578381911
NSMR,AVFL,3.274130964286443
NSMR,RMED,3.339373694286443
NSMR,NSML,0
NSMR,RIBR,4.278948140786669
NSMR,VD08,298.3798023234263
NSMR,RMDR,3.378893420758195
NSMR,AVJL,1.688527262967412
NSMR,I3,4.699758201350484
NSMR,VD02,30.221070374688768
NSMR,I2L,0.9363725060155814
NSMR,RMEL,3.174540579668159
NSMR,VD13,604.4014074590854
NSMR,M2R,0
NSMR,AIBR,3.7198608216942635
NSMR,AIBR,3.7198608216942635
NSMR,AVJR,3.339373694286443
RIML,ASKR,0
RIML,ASHL,0
RIML,OLLR,0
RIML,AVM,0
RIML,PVCR,0
RIML,RICL,0
RIML,RIAR,0
RIML,OLQVR,0
RIML,ADLL,0
RIML,CEPVL,0
RIML,MCR,9.913214869629106
RIML,SIAVL,0
RIML,SMDDR,0
RIML,ASGL,0
RIML,AIZL,0
RIML,RMDVL,0
RIML,RMEV,0
RIML,MCL,9.948081828734201
RIML,RICR,0
RIML,RMDVR,0
RIML,AWCR,0
RIML,CEPDR,0
RIML,BAGR,0
RIML,SABVL,2.0112633897321186
RIML,LUAL,613.1527171212921
RIML,SMDDL,0
RIML,CEPDL,0
RIML,HSNR,0
RIML,SDQL,0
RIML,SDQL,0
RIML,SDQL,0
RIML,RMDDL,0
RIML,LUAR,613.1527171212921
RIML,AIML,0
RIML,AWCL,0
RIML,RMEL,0
RIML,AIYL,0
RIML,AIZR,0
RIML,SABD,7.015534343796521
RIML,ASER,0
RIML,OLQDR,0
RIML,NSML,1.355946115212037
RIML,NSML,1.355946115212037
RIML,AIMR,0
RIML,SIADL,0
RIML,ASIR,0
RIML,CEPVR,0
RIML,AFDL,0
RIML,SABVR,4.765730163023997
RIML,DVA,0
RIML,RIAL,0
RIML,OLQVL,0
RIML,OLLL,0
RIML,ADEL,0
RIML,AVBR,0
RIML,ALNR,0
RIML,ALNR,0
RIML,IL1VR,0
RIML,AVHR,0
RIML,AUAR,0
RIML,AUAR,0
RIML,IL1L,0
RIML,IL1DL,0
RIML,CANR,6.4344405051655365
RIML,CANR,6.4344405051655365
RIML,PVDR,24.76265767886546
RIML,PVDR,24.76265767886546
RIML,RID,0
RIML,IL1R,0
RIML,HSNL,0
RIML,ADLR,0
RIML,ALMR,0.03450850512972542
RIML,ALMR,0.03450850512972542
RIML,AVHL,0
RIML,AFDR,0
RIML,BAGL,0
RIML,RMER,0
RIML,ALML,0
RIML,ALML,0
RIML,ADER,0
RIML,CANL,9.202134207391559
RIML,CANL,9.202134207391559
RIML,RMDR,0
RIML,AIYR,0
RIML,RMDDR,0
RIML,ASHR,0
RIML,ASIL,0
RIML,SMDVR,0
RIML,RMDL,0
RIML,BDUR,0
RIML,NSMR,3.274130964286443
RIML,NSMR,3.274130964286443
RIML,DA09,515.0786426773913
RIML,SIADR,0
RIML,SDQR,0
RIML,SDQR,0
RIML,SDQR,0
RIML,BDUL,0
RIML,ASKL,0
RIML,ALNL,0
RIML,ALNL,0
RIML,SIAVR,0
RIML,AUAL,0
RIML,AUAL,0
RIML,PVDL,17.614912215445234
RIML,PVDL,17.614912215445234
RIML,OLQDL,0
RIML,RMED,0
RIML,ASGR,0
RIML,AVBL,0
RIML,SMDVL,0
RIML,ASEL,0
RIML,PVT,0
RIML,PVT,0
RIML,IL1VL,0
RIML,IL1DR,0
RIML,PDA,515.0786426773913
RIML,PVCL,0
ASGL,DVA,0
ASGL,ASHL,0
ASGL,RICL,0
ASGL,RICL,0
ASGL,AIAL,0
ASGL,DD04,246.84545225622003
ASGL,RMEV,0
ASGL,RMER,0
ASGL,URYDL,2.077919008500395
ASGL,RIAR,0
ASGL,VD09,402.0418558983271
ASGL,AVJR,0
ASGL,DVC,0
ASGL,DVC,0
ASGL,DD03,151.33031991870618
ASGL,DD01,25.587213387627102
ASGL,DD02,77.5383249201729
ASGL,VD12,552.3267543468869
ASGL,RIS,0
ASGL,MCR,3.8666284597447644
ASGL,URYVR,0.9366237196454249
ASGL,RMDDL,0
ASGL,M3L,2.261476623232472
ASGL,VD07,253.57219009720365
ASGL,AIZL,0
ASGL,M1,2.5339512187172133
ASGL,I3,2.6084368414934405
ASGL,URYVL,0.31679862275837756
ASGL,M2L,1.0207409089351223
ASGL,AIBL,0
ASGL,AIBL,0
ASGL,RMHR,0
ASGL,URYDR,4.869232915717969
ASGL,I6,5.035746126487922
ASGL,AWBR,0
ASGL,I2L,1.7610739389466519
ASGL,MCL,1.9670353977318515
ASGL,RICR,0
ASGL,RICR,0
ASGL,VD04,97.32887713988073
ASGL,RMDVR,0
ASGL,RIMR,0
ASGL,RIMR,0
ASGL,M5,8.565388995594613
ASGL,M4,1.5348769665312236
ASGL,RMDL,0
ASGL,RID,0
ASGL,RMDDR,0
ASGL,VD08,303.33855283199597
ASGL,RIML,0
ASGL,RIML,0
ASGL,VD11,506.73965984705103
ASGL,ASHR,0
ASGL,AIYR,1.1888857328379037
ASGL,AWBL,0
ASGL,AVFR,0
ASGL,VD10,461.5931617677696
ASGL,RIAL,0
ASGL,RMFL,0
ASGL,NSMR,1.7795333055472982
ASGL,I2R,4.84824055012997
ASGL,VD01,12.00461109422957
ASGL,RMFR,0
ASGL,VD03,50.37254712457803
ASGL,AIZR,0
ASGL,RMHL,0
ASGL,RMDVL,0
ASGL,I4,2.8501179613761756
ASGL,VD05,156.48061037277108
ASGL,M3R,10.527317652306442
ASGL,RIBL,0
ASGL,AIYL,0
ASGL,PVQR,0.22956013074375892
ASGL,AIAR,2.649351557441976
ASGL,AVFL,0
ASGL,RMED,0
ASGL,NSML,1.982448621518904
ASGL,RIBR,0.660133117043441
ASGL,RMDR,0
ASGL,AVJL,0.2995570697936014
ASGL,DD06,527.0341878258466
ASGL,VD02,26.002369143621973
ASGL,PVT,0
ASGL,PVT,0
ASGL,RMEL,0
ASGL,VD06,204.62581677207925
ASGL,VD13,609.3713076669309
ASGL,M2R,9.439703761893933
ASGL,AIBR,0
ASGL,AIBR,0
ASGL,DD05,421.8535385635548
ASGL,PVQL,0
CEPDL,AS07,257.6229489290092
CEPDL,AS07,257.6229489290092
CEPDL,ASKR,1.006867563946214
CEPDL,OLLR,0.9090829569282604
CEPDL,AVM,7.92894090624806
CEPDL,VB11,504.12817287537547
CEPDL,VB11,504.12817287537547
CEPDL,PDER,38.59660970457162
CEPDL,RICL,0
CEPDL,RIAR,0
CEPDL,DB04,189.6135529768631
CEPDL,DB04,189.6135529768631
CEPDL,PLNL,0.10525422595817713
CEPDL,DD01,35.716272319726656
CEPDL,DD02,94.68388846588462
CEPDL,PQR,636.875762206588
CEPDL,VD12,562.2544478043425
CEPDL,PLML,325.98853004623646
CEPDL,SIAVL,0.236887440263448
CEPDL,SIAVL,0.236887440263448
CEPDL,ASGL,0
CEPDL,VA09,310.8705757914952
CEPDL,VA09,310.8705757914952
CEPDL,VA01,17.09548939656814
CEPDL,VA01,17.09548939656814
CEPDL,VB03,54.08703880333243
CEPDL,VB03,54.08703880333243
CEPDL,PHCR,636.8738175640885
CEPDL,VB10,451.32077419830733
CEPDL,VB10,451.32077419830733
CEPDL,DA06,131.0732162956389
CEPDL,DA06,131.0732162956389
CEPDL,SIBVR,0
CEPDL,RICR,0
CEPDL,DA03,7.081358991318451
CEPDL,DA03,7.081358991318451
CEPDL,RIMR,0
CEPDL,PVQL,0
CEPDL,DA04,22.71016593598684
CEPDL,DA04,22.71016593598684
CEPDL,DA09,529.2404281758965
CEPDL,DA09,529.2404281758965
CEPDL,SIBVL,0
CEPDL,DA07,204.01610400882973
CEPDL,DA07,204.01610400882973
CEPDL,AVL,0
CEPDL,VD11,517.2827518666078
CEPDL,VA07,194.9854919142273
CEPDL,VA07,194.9854919142273
CEPDL,CANL,8.947116251985411
CEPDL,AS04,91.15259941591827
CEPDL,AS04,91.15259941591827
CEPDL,CEPDL,0
CEPDL,VD04,114.44169039896516
CEPDL,SIBDR,0
CEPDL,PVDL,28.9103209228916
CEPDL,PVDL,28.9103209228916
CEPDL,VB05,134.72984529541074
CEPDL,VB05,134.72984529541074
CEPDL,VD01,10.30701215217195
CEPDL,VB02,20.11110634087679
CEPDL,VB02,20.11110634087679
CEPDL,VD03,67.69709678417097
CEPDL,ASEL,0
CEPDL,RIS,0
CEPDL,I1L,0.7388942949429769
CEPDL,VD05,170.0559820200195
CEPDL,VD09,411.6867347010351
CEPDL,AS06,198.7926264070301
CEPDL,AS06,198.7926264070301
CEPDL,AS09,390.333663799564
CEPDL,AS09,390.333663799564
CEPDL,VB04,86.31039009471303
CEPDL,VB04,86.31039009471303
CEPDL,DB07,537.1143342076201
CEPDL,DB07,537.1143342076201
CEPDL,CEPDR,2.3025811000000003
CEPDL,VB07,278.6779487835619
CEPDL,VB07,278.6779487835619
CEPDL,SIADL,0
CEPDL,SIADL,0
CEPDL,VD02,43.68804367779224
CEPDL,VA08,253.06742340758404
CEPDL,VA08,253.06742340758404
CEPDL,NSML,3.766355250030772
CEPDL,VA10,379.78606722766904
CEPDL,VA10,379.78606722766904
CEPDL,CEPVR,4.4516994733750925
CEPDL,DA01,6.470668416652116
CEPDL,DA01,6.470668416652116
CEPDL,ASGR,3.8586855021367117
CEPDL,PHCL,636.875762206588
CEPDL,RIML,0
CEPDL,AUAR,2.8951327486563656
CEPDL,OLLL,0
CEPDL,ADEL,0.003739497116243551
CEPDL,AS08,280.0163828948301
CEPDL,AS08,280.0163828948301
CEPDL,ALML,0.02650027105032493
CEPDL,DD04,258.3087124470299
CEPDL,ALNR,8.175115882647777
CEPDL,AS05,152.08326875184383
CEPDL,AS05,152.08326875184383
CEPDL,VA05,77.77247159363489
CEPDL,VA05,77.77247159363489
CEPDL,AS03,63.874758158228055
CEPDL,AS03,63.874758158228055
CEPDL,RIBL,0
CEPDL,VB09,395.5356542360305
CEPDL,VB09,395.5356542360305
CEPDL,RIBR,1.006867563946214
CEPDL,VA11,531.0025704540473
CEPDL,VA11,531.0025704540473
CEPDL,DB05,283.03121479190713
CEPDL,DB05,283.03121479190713
CEPDL,AS01,6.563986933480404
CEPDL,AS01,6.563986933480404
CEPDL,PVDR,35.3431488885006
CEPDL,PVDR,35.3431488885006
CEPDL,RID,0
CEPDL,DB02,38.84014049318709
CEPDL,DB02,38.84014049318709
CEPDL,CANR,17.35632884025859
CEPDL,VD07,264.74023966690595
CEPDL,VD06,217.56703422252815
CEPDL,CEPVL,0
CEPDL,VA04,17.779708746019892
CEPDL,VA04,17.779708746019892
CEPDL,PDEL,38.59660970457162
CEPDL,PLNR,12.0171761972213
CEPDL,ADER,10.037391347168956
CEPDL,VD08,313.2487875371696
CEPDL,VB01,0
CEPDL,VB01,0
CEPDL,VA06,126.25205635077971
CEPDL,VA06,126.25205635077971
CEPDL,DA05,75.65072653316332
CEPDL,DA05,75.65072653316332
CEPDL,AS10,453.48710142385335
CEPDL,AS10,453.48710142385335
CEPDL,AS11,509.5825378755817
CEPDL,AS11,509.5825378755817
CEPDL,RIAL,0
CEPDL,VA12,537.9266217052628
CEPDL,VA12,537.9266217052628
CEPDL,DB03,95.83721473389926
CEPDL,DB03,95.83721473389926
CEPDL,SIBDL,0
CEPDL,VD10,471.8982676730909
CEPDL,DD05,431.5060964471413
CEPDL,NSMR,1.3866827785467626
CEPDL,I2R,3.1361658261849374
CEPDL,SIADR,0
CEPDL,SIADR,0
CEPDL,DB01,6.5630063964763945
CEPDL,DB01,6.5630063964763945
CEPDL,ALMR,9.565489000977724
CEPDL,VD13,619.3147881988575
CEPDL,ASKL,0
CEPDL,ALNL,0
CEPDL,SIAVR,12.438649084604315
CEPDL,SIAVR,12.438649084604315
CEPDL,AUAL,0
CEPDL,VB06,210.14408039012548
CEPDL,VB06,210.14408039012548
CEPDL,PVQR,0.9090829569282604
CEPDL,DD03,164.91089865865098
CEPDL,DB06,447.8863516081314
CEPDL,DB06,447.8863516081314
CEPDL,PLMR,326.8271652256158
CEPDL,I1R,3.339112698398768
CEPDL,VB08,335.5357891160689
CEPDL,VB08,335.5357891160689
CEPDL,AS02,29.893066476130592
CEPDL,AS02,29.893066476130592
CEPDL,DD06,536.9056349885799
CEPDL,VA02,16.624095515916075
CEPDL,VA02,16.624095515916075
CEPDL,I2L,1.1057607378487
CEPDL,VA03,17.011681698265768
CEPDL,VA03,17.011681698265768
CEPDL,ASER,0
CEPDL,DA08,529.2393909052096
CEPDL,DA08,529.2393909052096
CEPDL,DA02,7.101102851963925
CEPDL,DA02,7.101102851963925
CEPDL,PDA,529.2404281758965
AIML,DVA,0
AIML,RMDDR,0
AIML,RICL,0
AIML,RICL,0
AIML,DD04,234.70600995469016
AIML,I6,6.402993532965558
AIML,M2L,7.043690486226058
AIML,URYDL,0
AIML,RIAR,0
AIML,VD09,389.46344864921554
AIML,DVC,0
AIML,DVC,0
AIML,M4,3.1222697050903037
AIML,DD01,14.070909989071303
AIML,DD02,67.74830764007854
AIML,VD12,540.6090325448224
AIML,RIS,0
AIML,MCR,9.913214869629106
AIML,URYVR,2.053756613721384
AIML,I2R,10.654265069572144
AIML,M3L,8.145512319174966
AIML,DD06,515.465311619585
AIML,VD07,241.4445365001596
AIML,AIZL,0
AIML,M1,3.165314412198078
AIML,VD06,192.53247699322745
AIML,RMER,0
AIML,AIBL,0
AIML,AIBL,0
AIML,RMHR,0
AIML,URYDR,0
AIML,RMEV,0
AIML,RMDR,0
AIML,PVT,0
AIML,PVT,0
AIML,AWBR,0
AIML,I4,8.558376006924837
AIML,AIYR,0
AIML,VD04,87.36463906936625
AIML,RMDVR,0
AIML,RIMR,0
AIML,RIMR,0
AIML,M5,8.596258444580451
AIML,PVQL,0
AIML,RMDL,0
AIML,RID,0
AIML,RIAL,0
AIML,URYVL,0.31679862275837756
AIML,RIML,0
AIML,RIML,0
AIML,VD11,494.56653791481625
AIML,ASHR,0
AIML,RICR,0
AIML,RICR,0
AIML,AIAL,0
AIML,AVFR,0
AIML,VD10,449.4538495012297
AIML,RMFL,0
AIML,DD05,410.41150229505854
AIML,NSMR,3.274130964286443
AIML,RMDDL,0
AIML,VD01,10.796825565729206
AIML,RMFR,0
AIML,ASHL,0
AIML,VD03,41.21621172615199
AIML,DD03,139.39412139371862
AIML,AIZR,0
AIML,RMHL,0
AIML,RMDVL,0
AIML,MCL,11.661397848730065
AIML,VD05,144.53560251206687
AIML,M3R,9.300931365049903
AIML,RIBL,0
AIML,AIYL,0
AIML,PVQR,0
AIML,AIAR,0
AIML,AVFL,0
AIML,RMED,0
AIML,NSML,4.344459975999965
AIML,RIBR,0
AIML,VD08,289.8439614785112
AIML,AWBL,0
AIML,AVJL,0
AIML,I3,14.284000037185738
AIML,VD02,19.02270970750809
AIML,I2L,11.02594397074295
AIML,RMEL,0
AIML,VD13,597.5885908965025
AIML,M2R,8.459866918908322
AIML,AIBR,0
AIML,AIBR,0
AIML,AVJR,0
CEPDR,AS07,257.701452581555
CEPDR,AS07,257.701452581555
CEPDR,ASKR,0
CEPDR,OLLR,0
CEPDR,AVM,8.067906533604988
CEPDR,VB11,504.147582190527
CEPDR,VB11,504.147582190527
CEPDR,PDER,38.843901530055895
CEPDR,RICL,0
CEPDR,RIAR,0
CEPDR,DB04,189.848171412769
CEPDR,DB04,189.848171412769
CEPDR,PLNL,12.017175658958926
CEPDR,DD01,36.11235398415367
CEPDR,DD02,94.78636439314286
CEPDR,PQR,636.8911309517885
CEPDR,VD12,562.2904920299665
CEPDR,PLML,327.2328923683779
CEPDR,SIAVL,12.463100545283895
CEPDR,SIAVL,12.463100545283895
CEPDR,ASGL,3.85868554882723
CEPDR,VA09,310.9020190812001
CEPDR,VA09,310.9020190812001
CEPDR,VA01,17.234583398646386
CEPDR,VA01,17.234583398646386
CEPDR,VB03,54.26466986655181
CEPDR,VB03,54.26466986655181
CEPDR,PHCR,636.8935773700036
CEPDR,VB10,451.3424505342963
CEPDR,VB10,451.3424505342963
CEPDR,DA06,131.22691737738307
CEPDR,DA06,131.22691737738307
CEPDR,SIBVR,0
CEPDR,RICR,0
CEPDR,DA03,8.060831248731267
CEPDR,DA03,8.060831248731267
CEPDR,RIMR,0
CEPDR,PVQL,0.9824100133274385
CEPDR,DA04,23.13463279664487
CEPDR,DA04,23.13463279664487
CEPDR,DA09,529.2787114468919
CEPDR,DA09,529.2787114468919
CEPDR,SIBVL,0
CEPDR,DA07,204.11513741562223
CEPDR,DA07,204.11513741562223
CEPDR,AVL,0
CEPDR,VD11,517.3016683558395
CEPDR,VA07,195.03550947627187
CEPDR,VA07,195.03550947627187
CEPDR,CANL,20.27001369174044
CEPDR,AS04,91.37280359141558
CEPDR,AS04,91.37280359141558
CEPDR,CEPDL,2.3025811000000003
CEPDR,VD04,114.52660886200196
CEPDR,SIBDR,0
CEPDR,PVDL,37.40282670650725
CEPDR,PVDL,37.40282670650725
CEPDR,VD01,10.997431470378878
CEPDR,VB02,20.243892394204757
CEPDR,VB02,20.243892394204757
CEPDR,VD03,67.83976862329628
CEPDR,ASEL,0
CEPDR,RIS,0
CEPDR,I1L,3.2839444935773208
CEPDR,VD05,170.17466784229725
CEPDR,RIBL,0.9824100133274385
CEPDR,AS06,198.8942443242475
CEPDR,AS06,198.8942443242475
CEPDR,AS09,390.38554425966214
CEPDR,AS09,390.38554425966214
CEPDR,VB04,86.42267809600963
CEPDR,VB04,86.42267809600963
CEPDR,DB07,536.8701776069653
CEPDR,DB07,536.8701776069653
CEPDR,CEPDR,0
CEPDR,ASGR,0
CEPDR,VB07,278.7130137284588
CEPDR,VB07,278.7130137284588
CEPDR,SIADL,0
CEPDR,SIADL,0
CEPDR,VD02,43.907193422918354
CEPDR,VA08,253.106006726371
CEPDR,VA08,253.106006726371
CEPDR,NSML,1.6119719900263756
CEPDR,VA10,379.81181785516986
CEPDR,VA10,379.81181785516986
CEPDR,CEPVR,0
CEPDR,DA01,7.090738104865145
CEPDR,DA01,7.090738104865145
CEPDR,PLMR,325.7166036712996
CEPDR,PHCL,636.8911309517885
CEPDR,RIML,0
CEPDR,AUAR,0
CEPDR,OLLL,0.8846563330716384
CEPDR,ADEL,9.79166266103149
CEPDR,AS08,280.0886285793451
CEPDR,AS08,280.0886285793451
CEPDR,ALML,9.64622635787185
CEPDR,DD04,258.38700849240547
CEPDR,ALNR,0
CEPDR,VD07,264.8166433018402
CEPDR,VA05,77.89690757413436
CEPDR,VA05,77.89690757413436
CEPDR,AS03,64.18727988135929
CEPDR,AS03,64.18727988135929
CEPDR,VD09,411.7359316662417
CEPDR,VB09,395.56038085844494
CEPDR,VB09,395.56038085844494
CEPDR,VA11,531.0209989158377
CEPDR,VA11,531.0209989158377
CEPDR,DB05,283.27516971768097
CEPDR,DB05,283.27516971768097
CEPDR,AS01,7.116195055018662
CEPDR,AS01,7.116195055018662
CEPDR,PVDR,27.684313769294373
CEPDR,PVDR,27.684313769294373
CEPDR,RID,1.5552340223210215
CEPDR,DB02,40.69367288662361
CEPDR,DB02,40.69367288662361
CEPDR,CANR,5.971252950973591
CEPDR,VB05,134.80203643874952
CEPDR,VB05,134.80203643874952
CEPDR,VD06,217.65992426025937
CEPDR,CEPVL,4.422294506458486
CEPDR,VA04,17.92870062065406
CEPDR,VA04,17.92870062065406
CEPDR,PDEL,38.843901530055895
CEPDR,PLNR,0.1052542598096472
CEPDR,ADER,0.11292136646895051
CEPDR,VD08,313.3133896653965
CEPDR,VB01,11.392093523243318
CEPDR,VB01,11.392093523243318
CEPDR,VA06,126.32909356409948
CEPDR,VA06,126.32909356409948
CEPDR,DA05,75.91536814072738
CEPDR,DA05,75.91536814072738
CEPDR,AS10,453.5317723812418
CEPDR,AS10,453.5317723812418
CEPDR,AS11,509.62230139596807
CEPDR,AS11,509.62230139596807
CEPDR,RIAL,0
CEPDR,VA12,537.9798814054386
CEPDR,VA12,537.9798814054386
CEPDR,DB03,95.08123390642544
CEPDR,DB03,95.08123390642544
CEPDR,SIBDL,0
CEPDR,VD10,471.9189966306524
CEPDR,DD05,431.55303784663914
CEPDR,NSMR,4.0876887097827215
CEPDR,I2R,1.0161665687689734
CEPDR,SIADR,0
CEPDR,SIADR,0
CEPDR,DB01,4.315515244076053
CEPDR,DB01,4.315515244076053
CEPDR,ALMR,0.07720318140281074
CEPDR,VD13,619.3475170994055
CEPDR,ASKL,0.9824100133274385
CEPDR,ALNL,8.55063891140929
CEPDR,SIAVR,0.23688772684902926
CEPDR,SIAVR,0.23688772684902926
CEPDR,AUAL,1.2232480270529933
CEPDR,VB06,210.1905090874169
CEPDR,VB06,210.1905090874169
CEPDR,PVQR,0
CEPDR,DD03,165.03326406400376
CEPDR,DB06,447.81303934935056
CEPDR,DB06,447.81303934935056
CEPDR,RIBR,0
CEPDR,AS05,152.21586218550385
CEPDR,AS05,152.21586218550385
CEPDR,I1R,0.6604740284046333
CEPDR,VB08,335.065060398364
CEPDR,VB08,335.065060398364
CEPDR,AS02,30.254650035437958
CEPDR,AS02,30.254650035437958
CEPDR,DD06,536.9433779210478
CEPDR,VA02,16.764793305130937
CEPDR,VA02,16.764793305130937
CEPDR,I2L,3.092171384799988
CEPDR,VA03,17.150814398908057
CEPDR,VA03,17.150814398908057
CEPDR,ASER,0
CEPDR,DA08,529.2803143817381
CEPDR,DA08,529.2803143817381
CEPDR,DA02,8.079459365050694
CEPDR,DA02,8.079459365050694
CEPDR,PDA,529.2787114468919
CEPVR,AS07,255.36933564794165
CEPVR,AS07,255.36933564794165
CEPVR,ASKR,0
CEPVR,OLLR,0
CEPVR,AVM,2.875836515227852
CEPVR,VB11,502.42379587660685
CEPVR,VB11,502.42379587660685
CEPVR,PDER,32.66021589119555
CEPVR,RICL,0
CEPVR,RIAR,0
CEPVR,DB04,186.39821486075627
CEPVR,DB04,186.39821486075627
CEPVR,PLNL,5.1045215466613705
CEPVR,DD01,36.70040714357182
CEPVR,DD02,89.39235766972529
CEPVR,PQR,635.2930214482235
CEPVR,VD12,561.0313484516346
CEPVR,PLML,325.10936753973243
CEPVR,SIAVL,6.0103360799912435
CEPVR,SIAVL,6.0103360799912435
CEPVR,ASGL,3.288038221079618
CEPVR,VA09,308.01598967367653
CEPVR,VA09,308.01598967367653
CEPVR,VA01,8.955774747679023
CEPVR,VA01,8.955774747679023
CEPVR,VB03,48.57631287930643
CEPVR,VB03,48.57631287930643
CEPVR,PHCR,635.2944205798315
CEPVR,VB10,449.7636579753402
CEPVR,VB10,449.7636579753402
CEPVR,DA06,127.81389445659865
CEPVR,DA06,127.81389445659865
CEPVR,SIBVR,0
CEPVR,RICR,0
CEPVR,DA03,16.541591327104097
CEPVR,DA03,16.541591327104097
CEPVR,RIMR,0
CEPVR,PVQL,4.303410372789635
CEPVR,DA04,25.480933188634562
CEPVR,DA04,25.480933188634562
CEPVR,DA09,528.1287032556561
CEPVR,DA09,528.1287032556561
CEPVR,SIBVL,0
CEPVR,DA07,200.72329563705455
CEPVR,DA07,200.72329563705455
CEPVR,AVL,0
CEPVR,VD11,515.5458398747706
CEPVR,VA07,190.25043132069126
CEPVR,VA07,190.25043132069126
CEPVR,CANL,18.89903486700052
CEPVR,AS04,88.72430384066399
CEPVR,AS04,88.72430384066399
CEPVR,CEPDL,4.4516994733750925
CEPVR,VD04,109.20379009056965
CEPVR,SIBDR,0
CEPVR,PVDL,32.945179392297725
CEPVR,PVDL,32.945179392297725
CEPVR,VB05,129.54715702489705
CEPVR,VB05,129.54715702489705
CEPVR,VD01,16.669299004726284
CEPVR,VB02,10.627779468598787
CEPVR,VB02,10.627779468598787
CEPVR,VD03,62.239183516916164
CEPVR,ASEL,0
CEPVR,RIS,0
CEPVR,I1L,4.192604012834972
CEPVR,VD05,166.6427247487643
CEPVR,VD09,411.0474405608149
CEPVR,AS06,195.47733986393456
CEPVR,AS06,195.47733986393456
CEPVR,AS09,389.70600005431646
CEPVR,AS09,389.70600005431646
CEPVR,VB04,81.00195125553765
CEPVR,VB04,81.00195125553765
CEPVR,DB07,535.6656356663839
CEPVR,DB07,535.6656356663839
CEPVR,CEPDR,0
CEPVR,ASGR,0
CEPVR,DB02,35.6652955611637
CEPVR,DB02,35.6652955611637
CEPVR,SIADL,2.4715505715284753
CEPVR,SIADL,2.4715505715284753
CEPVR,VD02,37.90063112418853
CEPVR,VA08,249.07267688484342
CEPVR,VA08,249.07267688484342
CEPVR,NSML,4.1102844734910775
CEPVR,VA10,378.1385525732263
CEPVR,VA10,378.1385525732263
CEPVR,CEPVR,0
CEPVR,DA01,17.04681244511099
CEPVR,DA01,17.04681244511099
CEPVR,RIBR,0
CEPVR,PHCL,635.2930214482235
CEPVR,RIML,0
CEPVR,AUAR,0
CEPVR,OLLL,2.413950698635926
CEPVR,ADEL,8.8314886484173
CEPVR,AS08,278.20466086361995
CEPVR,AS08,278.20466086361995
CEPVR,ALML,8.19185620781434
CEPVR,DD04,256.0588931989425
CEPVR,ALNR,0
CEPVR,AS05,148.714908679102
CEPVR,AS05,148.714908679102
CEPVR,VA05,72.35840107484363
CEPVR,VA05,72.35840107484363
CEPVR,AS03,62.643958444896505
CEPVR,AS03,62.643958444896505
CEPVR,RIBL,2.500217906979075
CEPVR,VB09,393.93674573575345
CEPVR,VB09,393.93674573575345
CEPVR,VA11,529.2401033121369
CEPVR,VA11,529.2401033121369
CEPVR,DB05,281.4366196303584
CEPVR,DB05,281.4366196303584
CEPVR,AS01,18.465377916409548
CEPVR,AS01,18.465377916409548
CEPVR,PVDR,26.238975662632306
CEPVR,PVDR,26.238975662632306
CEPVR,RID,5.214829429747553
CEPVR,VB07,275.07154836216836
CEPVR,VB07,275.07154836216836
CEPVR,CANR,6.185892239093697
CEPVR,VD07,262.6465668612709
CEPVR,VD06,214.5111275994814
CEPVR,CEPVL,2.96518082
CEPVR,VA04,9.631166160659259
CEPVR,VA04,9.631166160659259
CEPVR,PDEL,32.66021589119555
CEPVR,PLNR,0
CEPVR,ADER,3.0263447102885643
CEPVR,VD08,312.0730163543107
CEPVR,VB01,3.3709398859237316
CEPVR,VB01,3.3709398859237316
CEPVR,VA06,121.11879487556641
CEPVR,VA06,121.11879487556641
CEPVR,DA05,73.71803211661407
CEPVR,DA05,73.71803211661407
CEPVR,AS10,452.7595353718085
CEPVR,AS10,452.7595353718085
CEPVR,AS11,508.5817428865998
CEPVR,AS11,508.5817428865998
CEPVR,RIAL,0
CEPVR,VA12,536.1768378556633
CEPVR,VA12,536.1768378556633
CEPVR,DB03,90.13446893155016
CEPVR,DB03,90.13446893155016
CEPVR,SIBDL,2.447748953282285
CEPVR,VD10,470.276339207626
CEPVR,DD05,430.82986183902904
CEPVR,NSMR,4.521679057734103
CEPVR,I2R,2.0366656518522612
CEPVR,SIADR,0
CEPVR,SIADR,0
CEPVR,DB01,2.834148762853586
CEPVR,DB01,2.834148762853586
CEPVR,ALMR,0
CEPVR,VD13,618.0654480524006
CEPVR,ASKL,3.288038221079618
CEPVR,ALNL,10.938523802129529
CEPVR,SIAVR,0
CEPVR,SIAVR,0
CEPVR,AUAL,3.346206620026676
CEPVR,VB06,205.56446329686622
CEPVR,VB06,205.56446329686622
CEPVR,PVQR,0
CEPVR,DD03,161.49077527935648
CEPVR,DB06,446.2452478784456
CEPVR,DB06,446.2452478784456
CEPVR,PLMR,324.1516639035835
CEPVR,I1R,2.1713930126776666
CEPVR,VB08,332.9946356594144
CEPVR,VB08,332.9946356594144
CEPVR,AS02,31.561029051233472
CEPVR,AS02,31.561029051233472
CEPVR,DD06,535.7670878666705
CEPVR,VA02,8.50378771772495
CEPVR,VA02,8.50378771772495
CEPVR,I2L,4.1765641108787195
CEPVR,VA03,8.815449397028985
CEPVR,VA03,8.815449397028985
CEPVR,ASER,0
CEPVR,DA08,528.1296764823867
CEPVR,DA08,528.1296764823867
CEPVR,DA02,16.89037044561599
CEPVR,DA02,16.89037044561599
CEPVR,PDA,528.1287032556561
ASGR,RIML,0
ASGR,RIML,0
ASGR,ASHL,0
ASGR,RICL,0
ASGR,RICL,0
ASGR,RMED,0
ASGR,DD04,246.91385163371157
ASGR,RMEV,0
ASGR,RMER,0
ASGR,URYDL,4.869233182104416
ASGR,RIAR,0
ASGR,AVJR,0.5666971407422452
ASGR,DVA,0
ASGR,DVC,0
ASGR,DVC,0
ASGR,DD03,151.46371430589852
ASGR,DD01,25.86367618375054
ASGR,DD02,77.58320090624392
ASGR,VD12,552.3574093747822
ASGR,RIS,0
ASGR,MCR,2.183192333365366
ASGR,URYVR,0.48625319539604817
ASGR,RMDDL,0
ASGR,M3L,10.52731670292649
ASGR,RIBL,0.7358757214046421
ASGR,VD07,253.63878593804486
ASGR,M1,3.73092973186552
ASGR,I3,2.795928043888962
ASGR,URYVL,1.105495245070943
ASGR,AIAL,2.649351557441976
ASGR,M2L,9.417682738977554
ASGR,AIBL,0
ASGR,AIBL,0
ASGR,RMHR,0
ASGR,URYDR,2.0779191595645505
ASGR,I6,3.997035166539533
ASGR,AWBR,0
ASGR,I2L,4.915636107894408
ASGR,MCL,4.0628564342633995
ASGR,RICR,0
ASGR,RICR,0
ASGR,VD04,97.36985961021371
ASGR,RMDVR,0
ASGR,RIMR,0
ASGR,RIMR,0
ASGR,M5,8.494920531197744
ASGR,M4,1.7238584420408412
ASGR,RMDL,0
ASGR,RID,1.5020037747086317
ASGR,RMDDR,0
ASGR,VD08,303.39427326186285
ASGR,VD11,506.75578994751123
ASGR,ASHR,0
ASGR,AIYR,0
ASGR,AWBL,0
ASGR,AVFR,0
ASGR,VD10,461.6108627455641
ASGR,RIAL,0
ASGR,RMFL,0
ASGR,NSMR,2.3018014708041683
ASGR,AVFL,0
ASGR,VD01,12.98937430086587
ASGR,RMFR,0
ASGR,VD03,50.42762516124252
ASGR,AIZR,0
ASGR,RMHL,0
ASGR,RMDVL,0
ASGR,I4,3.0378584798029706
ASGR,VD05,156.61050288355963
ASGR,M3R,2.2614770093741123
ASGR,VD09,402.08249462731254
ASGR,AIYL,1.1888855353519143
ASGR,PVQR,0
ASGR,AIAR,0
ASGR,I2R,1.7610740703781491
ASGR,AIZL,0
ASGR,NSML,2.158725268612097
ASGR,RIBR,0
ASGR,RMDR,0
ASGR,AVJL,0
ASGR,DD06,527.0663109195644
ASGR,VD02,26.084025033892942
ASGR,PVT,0
ASGR,PVT,0
ASGR,RMEL,0
ASGR,VD06,204.73144757514908
ASGR,VD13,609.3990985993912
ASGR,M2R,0.9949824078784941
ASGR,AIBR,0
ASGR,AIBR,0
ASGR,DD05,421.8922726549498
ASGR,PVQL,0.8505613234651739
ADEL,ASKR,0
ADEL,AS07,220.537170295866
ADEL,AS07,220.537170295866
ADEL,OLLR,6.59006650192896
ADEL,AVM,0
ADEL,VB11,468.4078712623429
ADEL,VB11,468.4078712623429
ADEL,PDER,0
ADEL,SIBDL,0
ADEL,RIAR,0.6659498965631329
ADEL,DB04,149.59336072995916
ADEL,DB04,149.59336072995916
ADEL,PLNL,3.1406411958719147
ADEL,DD01,0
ADEL,DD02,50.372800310582555
ADEL,PQR,601.3833461103912
ADEL,VD12,527.6667938334614
ADEL,PLML,289.9440856990752
ADEL,SIAVL,3.305564282837655
ADEL,SIAVL,3.305564282837655
ADEL,ASGL,0
ADEL,VA09,271.91560020697335
ADEL,VA09,271.91560020697335
ADEL,CANR,17.911294330048968
ADEL,VA01,0
ADEL,VA01,0
ADEL,VB03,9.479410943660186
ADEL,VB03,9.479410943660186
ADEL,PHCR,601.380191406966
ADEL,ALNR,10.30542292400809
ADEL,DA06,91.52816355422549
ADEL,DA06,91.52816355422549
ADEL,SIBVR,0.585267249183866
ADEL,RICR,0
ADEL,VD04,70.20342020795515
ADEL,RIMR,0
ADEL,PVQL,0.5506278456065753
ADEL,DA09,494.96891017542407
ADEL,DA09,494.96891017542407
ADEL,SIBVL,0.5506278456065753
ADEL,DA07,164.0035261327184
ADEL,DA07,164.0035261327184
ADEL,AVL,0
ADEL,VD11,481.47751068502396
ADEL,VA07,151.49660423029613
ADEL,VA07,151.49660423029613
ADEL,CANL,0.6246683619496898
ADEL,AS04,55.0789800306367
ADEL,AS04,55.0789800306367
ADEL,CEPDL,0.0037394971162434953
ADEL,DA03,12.886349520916196
ADEL,DA03,12.886349520916196
ADEL,SIBDR,0
ADEL,PVDL,0.20279662897283757
ADEL,PVDL,0.20279662897283757
ADEL,VB05,90.5642529975659
ADEL,VB05,90.5642529975659
ADEL,VD01,0.4475769734550739
ADEL,VB02,0
ADEL,VB02,0
ADEL,VD03,23.169279523775067
ADEL,ASEL,0
ADEL,RIS,0.5506278456065753
ADEL,I1L,8.194752844808688
ADEL,VD05,129.83530549829797
ADEL,VD09,378.6163842403959
ADEL,AS06,158.73504419242957
ADEL,AS06,158.73504419242957
ADEL,VB04,41.97470024202331
ADEL,VB04,41.97470024202331
ADEL,ASER,0
ADEL,DB07,501.94556584450146
ADEL,DB07,501.94556584450146
ADEL,NSML,0.5174525960988614
ADEL,DB02,0
ADEL,DB02,0
ADEL,SIADL,0.5138991509587177
ADEL,SIADL,0.5138991509587177
ADEL,VD02,0
ADEL,VA08,211.17023407575232
ADEL,VA08,211.17023407575232
ADEL,VA10,344.3082950716655
ADEL,VA10,344.3082950716655
ADEL,CEPVR,8.8314886484173
ADEL,DA01,0.3231566314609481
ADEL,DA01,0.3231566314609481
ADEL,PLMR,291.1711003719803
ADEL,PHCL,601.3833461103912
ADEL,RIML,0
ADEL,CEPDR,9.79166266103149
ADEL,OLLL,0
ADEL,ADEL,0
ADEL,AS08,244.2105491357249
ADEL,AS08,244.2105491357249
ADEL,DD04,221.2331372153043
ADEL,VB10,415.996829946381
ADEL,VB10,415.996829946381
ADEL,AS05,112.06983328149737
ADEL,AS05,112.06983328149737
ADEL,VA05,33.307271521746834
ADEL,VA05,33.307271521746834
ADEL,AS03,32.98145101426149
ADEL,AS03,32.98145101426149
ADEL,AUAR,0
ADEL,VB09,360.16064788841976
ADEL,VB09,360.16064788841976
ADEL,RIBR,5.425584214954915
ADEL,VA11,495.1297031436267
ADEL,VA11,495.1297031436267
ADEL,PLNR,3.4152095039709565
ADEL,DB05,247.37599200109662
ADEL,DB05,247.37599200109662
ADEL,AS01,9.62319621765934
ADEL,AS01,9.62319621765934
ADEL,PVDR,24.802517254210304
ADEL,PVDR,24.802517254210304
ADEL,RID,0.6158705756065753
ADEL,VB07,237.83145748615544
ADEL,VB07,237.83145748615544
ADEL,RIBL,0.5506278456065753
ADEL,CEPVL,3.010426168547725
ADEL,VD07,228.16013450242576
ADEL,AS09,357.3143954314535
ADEL,AS09,357.3143954314535
ADEL,VD06,178.16402039523402
ADEL,RICL,0
ADEL,VA04,0
ADEL,VA04,0
ADEL,PDEL,0
ADEL,ALML,0
ADEL,ADER,0
ADEL,VD08,279.0368759401217
ADEL,VB01,0.6331189870988894
ADEL,VB01,0.6331189870988894
ADEL,VA06,82.15090945157195
ADEL,VA06,82.15090945157195
ADEL,DA05,41.70661900750112
ADEL,DA05,41.70661900750112
ADEL,AS10,420.1701369672063
ADEL,AS10,420.1701369672063
ADEL,AS11,475.6280311293212
ADEL,AS11,475.6280311293212
ADEL,RIAL,0.5506278456065753
ADEL,VA12,502.00739370127803
ADEL,VA12,502.00739370127803
ADEL,DB03,51.36186555524524
ADEL,DB03,51.36186555524524
ADEL,VD10,436.39842235017744
ADEL,DD05,397.37541921137665
ADEL,NSMR,3.0137507724573176
ADEL,DA04,16.98866215983649
ADEL,DA04,16.98866215983649
ADEL,SIADR,1.0076563051365184
ADEL,SIADR,1.0076563051365184
ADEL,DB01,0
ADEL,DB01,0
ADEL,ALMR,9.676665148442979
ADEL,VD13,584.6318633988989
ADEL,ASKL,0
ADEL,ALNL,0.697082731995831
ADEL,SIAVR,4.699620739852782
ADEL,SIAVR,4.699620739852782
ADEL,AUAL,0
ADEL,VB06,166.9427182698946
ADEL,VB06,166.9427182698946
ADEL,PVQR,0
ADEL,I2R,6.966577441529641
ADEL,DD03,124.69317554915315
ADEL,DB06,412.56537589774837
ADEL,DB06,412.56537589774837
ADEL,ASGR,0
ADEL,I1R,12.638016319165956
ADEL,VB08,298.62958704178124
ADEL,VB08,298.62958704178124
ADEL,AS02,19.763987275550175
ADEL,AS02,19.763987275550175
ADEL,DD06,502.557150012682
ADEL,VA02,0
ADEL,VA02,0
ADEL,I2L,10.444640047395666
ADEL,VA03,0
ADEL,VA03,0
ADEL,DA08,494.9671362852719
ADEL,DA08,494.9671362852719
ADEL,DA02,0
ADEL,DA02,0
ADEL,PDA,494.96891017542407
RIH,DVA,0
RIH,RIML,0
RIH,RIML,0
RIH,RICL,0
RIH,RICL,0
RIH,I4,6.2581364164312765
RIH,RMED,0
RIH,DD04,248.16443194920586
RIH,AWBR,0
RIH,AWBL,0
RIH,URYDL,0
RIH,AVFL,0
RIH,RIAR,0
RIH,AVJR,0
RIH,DVC,0
RIH,DVC,0
RIH,VD02,29.392851521120303
RIH,DD01,29.06480818189267
RIH,DD02,80.94608934175551
RIH,VD12,553.5956317564464
RIH,MCR,9.913214869629106
RIH,URYVR,0.30482038928919464
RIH,AIAL,0
RIH,RIBL,0
RIH,DD06,528.3766308156592
RIH,VD07,254.8169553986012
RIH,AIZL,0
RIH,M1,3.2107244867910274
RIH,VD06,206.32982628641543
RIH,URYVL,0.34071293275837766
RIH,RMDDR,0
RIH,M2L,7.043690486226058
RIH,AIBL,0
RIH,AIBL,0
RIH,RMHR,0
RIH,URYDR,0
RIH,I6,6.460430152132932
RIH,RMDR,0
RIH,PVT,0
RIH,PVT,0
RIH,RMEL,0
RIH,RICR,0
RIH,RICR,0
RIH,VD04,100.77317651151728
RIH,RMDVR,0
RIH,RIMR,0
RIH,RIMR,0
RIH,M5,10.444425762669743
RIH,RMEV,0
RIH,M4,2.5973054464324603
RIH,RMDL,0
RIH,RID,0
RIH,RIAL,0
RIH,VD08,304.68040763803754
RIH,VD11,507.87391453937835
RIH,ASHR,0
RIH,AIYR,0
RIH,M3L,8.145512319174966
RIH,AVFR,0
RIH,VD10,462.6609801223572
RIH,RMFL,0
RIH,DD05,423.55903203922674
RIH,RMDDL,0
RIH,VD01,10.929111091108425
RIH,RMHL,0
RIH,VD03,53.7665635524564
RIH,AIZR,0
RIH,RIS,0
RIH,NSMR,3.274130964286443
RIH,RMDVL,0
RIH,MCL,9.882839098734202
RIH,VD05,158.3574957824797
RIH,M3R,8.098306286467883
RIH,VD09,403.9124049033194
RIH,AIYL,0
RIH,PVQR,0
RIH,AIAR,0
RIH,I2R,10.714491737441449
RIH,DD03,153.20304869542878
RIH,NSML,3.5710667471908426
RIH,RIBR,0
RIH,I2L,10.62072123566833
RIH,AVJL,0
RIH,I3,14.508293030283987
RIH,ASHL,0
RIH,RMER,0
RIH,VD13,610.6142180705626
RIH,RMFR,0
RIH,M2R,7.105021092307058
RIH,AIBR,0
RIH,AIBR,0
RIH,PVQL,0
CEPVL,AS07,255.31587228012935
CEPVL,AS07,255.31587228012935
CEPVL,ASKR,3.348170833299994
CEPVL,OLLR,2.462982671815101
CEPVL,AVM,3.039964122911776
CEPVL,VB11,502.4013367470355
CEPVL,VB11,502.4013367470355
CEPVL,PDER,32.499078318041114
CEPVL,RICL,0
CEPVL,RIAR,0
CEPVL,DB04,186.26121684381724
CEPVL,DB04,186.26121684381724
CEPVL,PLNL,0
CEPVL,DD01,36.22902385860052
CEPVL,DD02,89.32473479262573
CEPVL,PQR,635.2726216257036
CEPVL,VD12,561.0001110680274
CEPVL,PLML,324.4404519262743
CEPVL,SIAVL,0
CEPVL,SIAVL,0
CEPVL,ASGL,0
CEPVL,VA09,307.9873248489006
CEPVL,VA09,307.9873248489006
CEPVL,VA01,8.77065371053482
CEPVL,VA01,8.77065371053482
CEPVL,VB03,48.46333626405089
CEPVL,VB03,48.46333626405089
CEPVL,PHCR,635.2717098191998
CEPVL,VB10,449.740046605517
CEPVL,VB10,449.740046605517
CEPVL,DA06,127.71993710072753
CEPVL,DA06,127.71993710072753
CEPVL,SIBVR,0
CEPVL,RICR,0
CEPVL,DA03,15.670573704766658
CEPVL,DA03,15.670573704766658
CEPVL,RIMR,0
CEPVL,PVQL,0
CEPVL,DA04,24.77193705681266
CEPVL,DA04,24.77193705681266
CEPVL,DA09,528.0963096089858
CEPVL,DA09,528.0963096089858
CEPVL,SIBVL,0
CEPVL,DA07,200.6587559211244
CEPVL,DA07,200.6587559211244
CEPVL,AVL,0
CEPVL,VD11,515.5236312857112
CEPVL,VA07,190.21186448325565
CEPVL,VA07,190.21186448325565
CEPVL,CANL,9.150198815352883
CEPVL,AS04,88.59484916855136
CEPVL,AS04,88.59484916855136
CEPVL,CEPDL,0
CEPVL,VD04,109.1460905665504
CEPVL,SIBDR,2.525102907954246
CEPVL,PVDL,27.575566417559685
CEPVL,PVDL,27.575566417559685
CEPVL,VD01,15.805935628651254
CEPVL,VB02,10.439519241132281
CEPVL,VB02,10.439519241132281
CEPVL,VD03,62.14786590641331
CEPVL,ASEL,0
CEPVL,RIS,0
CEPVL,I1L,2.122273905834338
CEPVL,VD05,166.56762304340234
CEPVL,VD09,411.00941789229506
CEPVL,AS06,195.41141506575795
CEPVL,AS06,195.41141506575795
CEPVL,AS09,389.66658910417397
CEPVL,AS09,389.66658910417397
CEPVL,VB04,80.92868980700408
CEPVL,VB04,80.92868980700408
CEPVL,DB07,535.920953491103
CEPVL,DB07,535.920953491103
CEPVL,CEPDR,4.422294506458486
CEPVL,VB07,275.04096519590286
CEPVL,VB07,275.04096519590286
CEPVL,SIADL,0
CEPVL,SIADL,0
CEPVL,VD02,37.75970996983077
CEPVL,VA08,249.04022177037592
CEPVL,VA08,249.04022177037592
CEPVL,NSML,4.285866284789635
CEPVL,VA10,378.11285997700406
CEPVL,VA10,378.11285997700406
CEPVL,CEPVR,2.9651808199999996
CEPVL,DA01,16.20306462999782
CEPVL,DA01,16.20306462999782
CEPVL,PLMR,324.7258742676296
CEPVL,PHCL,635.2726216257036
CEPVL,RIML,0
CEPVL,AUAR,3.385101140734574
CEPVL,OLLL,0
CEPVL,ADEL,3.010426168547725
CEPVL,AS08,278.1545416080214
CEPVL,AS08,278.1545416080214
CEPVL,ALML,0.18417336751276986
CEPVL,DD04,256.0055394779511
CEPVL,ALNR,10.634197220549714
CEPVL,AS05,148.63232954996184
CEPVL,AS05,148.63232954996184
CEPVL,VA05,72.27797855351156
CEPVL,VA05,72.27797855351156
CEPVL,AS03,62.466485921819924
CEPVL,AS03,62.466485921819924
CEPVL,RIBL,0
CEPVL,VB09,393.9115774846717
CEPVL,VB09,393.9115774846717
CEPVL,RIBR,2.529815174518979
CEPVL,VA11,529.2181429607002
CEPVL,VA11,529.2181429607002
CEPVL,DB05,281.295804334841
CEPVL,DB05,281.295804334841
CEPVL,AS01,17.695064698702716
CEPVL,AS01,17.695064698702716
CEPVL,PLNR,5.155800711194559
CEPVL,RID,0
CEPVL,DB02,35.14397880169517
CEPVL,DB02,35.14397880169517
CEPVL,CANR,15.78077756087672
CEPVL,VB05,129.4965156839495
CEPVL,VB05,129.4965156839495
CEPVL,VD06,214.44991425477937
CEPVL,CEPVL,0
CEPVL,ALMR,8.113266796645913
CEPVL,VA04,9.553183807221854
CEPVL,VA04,9.553183807221854
CEPVL,PDEL,32.499078318041114
CEPVL,PVDR,31.020349702400942
CEPVL,PVDR,31.020349702400942
CEPVL,ADER,8.866354559088288
CEPVL,VD08,312.0269585129034
CEPVL,VB01,0
CEPVL,VB01,0
CEPVL,VA06,121.06550344219131
CEPVL,VA06,121.06550344219131
CEPVL,DA05,73.56505706972845
CEPVL,DA05,73.56505706972845
CEPVL,AS10,452.72385045704834
CEPVL,AS10,452.72385045704834
CEPVL,AS11,508.54858669783755
CEPVL,AS11,508.54858669783755
CEPVL,RIAL,0
CEPVL,VA12,536.1365271383704
CEPVL,VA12,536.1365271383704
CEPVL,DB03,90.34550554213536
CEPVL,DB03,90.34550554213536
CEPVL,SIBDL,0
CEPVL,VD10,470.2532092131236
CEPVL,DD05,430.79300446038354
CEPVL,NSMR,3.8088074988174125
CEPVL,I2R,4.099041435349433
CEPVL,SIADR,2.52658278458824
CEPVL,SIADR,2.52658278458824
CEPVL,DB01,6.279126139077558
CEPVL,DB01,6.279126139077558
CEPVL,VD07,262.59423040253586
CEPVL,VD13,618.0359275897099
CEPVL,ASKL,0
CEPVL,ALNL,0
CEPVL,SIAVR,6.028502963311956
CEPVL,SIAVR,6.028502963311956
CEPVL,AUAL,0
CEPVL,VB06,205.5278220274804
CEPVL,VB06,205.5278220274804
CEPVL,PVQR,3.4708733127255424
CEPVL,DD03,161.41369069848201
CEPVL,DB06,446.2716802079893
CEPVL,DB06,446.2716802079893
CEPVL,ASGR,3.393378081079618
CEPVL,I1R,4.2276063592395134
CEPVL,VB08,333.23130229917894
CEPVL,VB08,333.23130229917894
CEPVL,AS02,31.00095168607347
CEPVL,AS02,31.00095168607347
CEPVL,DD06,535.7349731987798
CEPVL,VA02,8.311101458013898
CEPVL,VA02,8.311101458013898
CEPVL,I2L,1.9641369717540382
CEPVL,VA03,8.629044777899253
CEPVL,VA03,8.629044777899253
CEPVL,ASER,0
CEPVL,DA08,528.0958938455166
CEPVL,DA08,528.0958938455166
CEPVL,DA02,15.954997828534237
CEPVL,DA02,15.954997828534237
CEPVL,PDA,528.0963096089858
ADFR,DVA,0
ADFR,RIML,0
ADFR,RIML,0
ADFR,RICL,0
ADFR,RICL,0
ADFR,AIAL,0
ADFR,DD04,246.91385163371157
ADFR,AWBR,0
ADFR,RMER,0
ADFR,URYDL,0
ADFR,MCL,4.34402862880154
ADFR,RIAR,0
ADFR,RIBL,0
ADFR,DVC,0
ADFR,DVC,0
ADFR,M5,9.300763383176902
ADFR,DD01,25.86367618375054
ADFR,DD02,77.58320090624392
ADFR,VD12,552.7210314884746
ADFR,MCR,2.183192333365366
ADFR,URYVR,0.48625319539604817
ADFR,RMDDL,0
ADFR,M3L,9.300931365049905
ADFR,VD07,253.63878593804486
ADFR,AIZL,0
ADFR,M1,3.73092973186552
ADFR,I3,2.795928043888962
ADFR,URYVL,1.081471403299759
ADFR,M2L,8.405878963768988
ADFR,AIBL,0
ADFR,AIBL,0
ADFR,RMHR,0
ADFR,URYDR,0
ADFR,I6,5.408953185020614
ADFR,VD09,403.3700135219448
ADFR,I2L,4.915636107894408
ADFR,RMEL,0
ADFR,RICR,0
ADFR,RICR,0
ADFR,VD04,97.36985961021371
ADFR,RMDVR,0
ADFR,RIMR,0
ADFR,RIMR,0
ADFR,RMEV,0
ADFR,M4,1.734313746263775
ADFR,RMDL,0
ADFR,RID,0.6372982677041108
ADFR,RMDDR,0
ADFR,VD08,303.921942383875
ADFR,VD11,506.75578994751123
ADFR,ASHR,0
ADFR,AIYR,0
ADFR,AWBL,0
ADFR,AVFR,0
ADFR,VD10,461.6108627455641
ADFR,RIAL,0
ADFR,RMFL,0
ADFR,DD05,422.54601643677785
ADFR,I2R,1.7610740703781491
ADFR,VD01,10.806501824289933
ADFR,RMHL,0
ADFR,ASHL,0
ADFR,VD03,50.42762516124252
ADFR,AIZR,0
ADFR,RIS,0
ADFR,NSMR,3.1802343876136283
ADFR,RMDVL,0
ADFR,I4,3.823341016470824
ADFR,VD05,156.61050288355963
ADFR,M3R,2.2614770093741123
ADFR,AVJR,0
ADFR,AIYL,0
ADFR,PVQR,0
ADFR,AIAR,0
ADFR,AVFL,0
ADFR,DD03,151.46371430589852
ADFR,NSML,3.667022126449625
ADFR,RIBR,0
ADFR,RMDR,0
ADFR,AVJL,0
ADFR,DD06,527.5489358912437
ADFR,VD02,26.084025033892942
ADFR,PVT,0
ADFR,PVT,0
ADFR,VD06,204.73144757514908
ADFR,VD13,609.7161855023007
ADFR,RMFR,0
ADFR,RMED,0
ADFR,M2R,0.9949824078784941
ADFR,AIBR,0
ADFR,AIBR,0
ADFR,PVQL,0
HSNR,ASHL,0
HSNR,RIML,0
HSNR,RIML,0
HSNR,RICL,0
HSNR,RICL,0
HSNR,AIAL,0
HSNR,DD04,0
HSNR,I6,6.5749981472730985
HSNR,RMER,0
HSNR,URYDL,0
HSNR,AVFL,0
HSNR,RIAR,0
HSNR,RIBL,0
HSNR,DVC,0
HSNR,DVC,0
HSNR,DD03,0
HSNR,DD01,0
HSNR,DD02,0
HSNR,VD12,223.67844307336722
HSNR,MCR,9.994530104949483
HSNR,URYVR,0.4443258688678745
HSNR,M3L,8.231562449405317
HSNR,DD06,199.1639269704026
HSNR,VD07,0
HSNR,M1,3.3525119422969913
HSNR,I3,14.284000037185738
HSNR,URYVL,0.3277674852971023
HSNR,RMDDR,0
HSNR,M2L,7.131613429256875
HSNR,AIBL,0
HSNR,AIBL,0
HSNR,RMHR,0
HSNR,URYDR,0
HSNR,RMEV,0
HSNR,AWBR,0
HSNR,I2L,10.622022439371378
HSNR,MCL,9.92166110074083
HSNR,RICR,0
HSNR,RICR,0
HSNR,VD04,0
HSNR,RMDVR,0
HSNR,RIMR,0
HSNR,RIMR,0
HSNR,M5,15.354988222069153
HSNR,M4,3.1354254331042584
HSNR,RMDL,0
HSNR,RID,0
HSNR,RIAL,0
HSNR,VD08,5.783719444852635
HSNR,VD11,177.43210578598357
HSNR,ASHR,0
HSNR,AIYR,0
HSNR,AWBL,0
HSNR,AVFR,0
HSNR,VD10,132.43307759365365
HSNR,RMFL,0
HSNR,DD05,93.96193418446605
HSNR,RMDDL,0
HSNR,VD01,1.1704623980886764
HSNR,RMHL,0
HSNR,VD09,76.59249568396321
HSNR,VD03,0
HSNR,AIZR,0
HSNR,RIS,0
HSNR,NSMR,3.368551286762336
HSNR,RMDVL,0
HSNR,I4,8.650641012678681
HSNR,VD05,0
HSNR,M3R,8.128727341113429
HSNR,AVJR,0
HSNR,AIYL,0
HSNR,M2R,7.105021092307058
HSNR,AIAR,0
HSNR,I2R,10.83087716617271
HSNR,RMED,0
HSNR,NSML,3.5826586938776
HSNR,DVA,0
HSNR,RMDR,0
HSNR,AVJL,0
HSNR,AIZL,0
HSNR,VD02,0
HSNR,PVT,0
HSNR,PVT,0
HSNR,RMEL,0
HSNR,VD06,0
HSNR,VD13,280.2567548342304
HSNR,RMFR,0
HSNR,PVQR,0
HSNR,AIBR,0
HSNR,AIBR,0
HSNR,RIBR,0
HSNR,PVQL,0
